Dataset File Name,True Label,Predicted Label,Correct
1_10102.wav,0,0,True
1_10103.wav,0,0,True
1_10115.wav,0,0,True
1_10121.wav,0,0,True
1_10122.wav,0,0,True
1_10124.wav,0,0,True
1_10130.wav,0,0,True
1_10138.wav,0,0,True
1_10152.wav,0,0,True
1_10153.wav,0,0,True
1_10160.wav,0,0,True
1_10161.wav,0,0,True
1_10166.wav,0,0,True
1_10171.wav,0,0,True
1_10172.wav,0,0,True
2_10201.wav,1,1,True
2_10208.wav,1,3,False
2_10209.wav,1,1,True
2_10211.wav,1,2,False
2_10215.wav,1,1,True
2_10224.wav,1,1,True
2_10226.wav,1,2,False
2_10229.wav,1,17,False
2_10241.wav,1,1,True
2_10244.wav,1,1,True
2_10245.wav,1,1,True
2_10253.wav,1,1,True
2_10260.wav,1,1,True
2_10265.wav,1,1,True
2_10274.wav,1,1,True
3_10301.wav,2,2,True
3_10303.wav,2,2,True
3_10306.wav,2,2,True
3_10308.wav,2,2,True
3_10327.wav,2,2,True
3_10328.wav,2,2,True
3_10330.wav,2,2,True
3_10339.wav,2,2,True
3_10344.wav,2,2,True
3_10362.wav,2,2,True
3_10367.wav,2,2,True
3_10369.wav,2,2,True
3_10370.wav,2,2,True
3_10374.wav,2,2,True
3_10375.wav,2,2,True
4_10401.wav,3,3,True
4_10411.wav,3,3,True
4_10419.wav,3,3,True
4_10420.wav,3,3,True
4_10423.wav,3,3,True
4_10430.wav,3,3,True
4_10431.wav,3,3,True
4_10433.wav,3,3,True
4_10439.wav,3,3,True
4_10440.wav,3,3,True
4_10442.wav,3,3,True
4_10450.wav,3,3,True
4_10452.wav,3,3,True
4_10457.wav,3,3,True
4_10471.wav,3,3,True
5_10505.wav,4,4,True
5_10508.wav,4,4,True
5_10521.wav,4,4,True
5_10527.wav,4,4,True
5_10528.wav,4,4,True
5_10530.wav,4,4,True
5_10533.wav,4,4,True
5_10538.wav,4,4,True
5_10551.wav,4,4,True
5_10554.wav,4,4,True
5_10560.wav,4,4,True
5_10561.wav,4,4,True
5_10564.wav,4,4,True
5_10570.wav,4,4,True
5_10575.wav,4,22,False
6_10608.wav,5,5,True
6_10614.wav,5,5,True
6_10615.wav,5,5,True
6_10616.wav,5,5,True
6_10620.wav,5,5,True
6_10622.wav,5,5,True
6_10625.wav,5,5,True
6_10632.wav,5,5,True
6_10636.wav,5,5,True
6_10645.wav,5,5,True
6_10651.wav,5,22,False
6_10658.wav,5,5,True
6_10663.wav,5,5,True
6_10665.wav,5,5,True
6_10666.wav,5,5,True
7_10705.wav,6,6,True
7_10710.wav,6,6,True
7_10716.wav,6,6,True
7_10723.wav,6,6,True
7_10729.wav,6,6,True
7_10733.wav,6,6,True
7_10739.wav,6,6,True
7_10747.wav,6,15,False
7_10748.wav,6,6,True
7_10754.wav,6,6,True
7_10757.wav,6,6,True
7_10758.wav,6,6,True
7_10762.wav,6,6,True
7_10769.wav,6,6,True
7_10773.wav,6,6,True
8_10812.wav,7,7,True
8_10813.wav,7,7,True
8_10823.wav,7,7,True
8_10824.wav,7,7,True
8_10825.wav,7,7,True
8_10835.wav,7,7,True
8_10836.wav,7,7,True
8_10837.wav,7,5,False
8_10849.wav,7,7,True
8_10855.wav,7,7,True
8_10862.wav,7,7,True
8_10864.wav,7,7,True
8_10869.wav,7,7,True
8_10873.wav,7,7,True
8_10874.wav,7,7,True
9_10904.wav,8,8,True
9_10905.wav,8,8,True
9_10906.wav,8,8,True
9_10908.wav,8,8,True
9_10917.wav,8,8,True
9_10919.wav,8,8,True
9_10929.wav,8,8,True
9_10931.wav,8,8,True
9_10936.wav,8,8,True
9_10937.wav,8,8,True
9_10938.wav,8,8,True
9_10945.wav,8,8,True
9_10960.wav,8,8,True
9_10965.wav,8,8,True
9_10966.wav,8,8,True
10_11013.wav,9,15,False
10_11017.wav,9,15,False
10_11027.wav,9,9,True
10_11028.wav,9,15,False
10_11029.wav,9,15,False
10_11033.wav,9,15,False
10_11035.wav,9,15,False
10_11041.wav,9,9,True
10_11046.wav,9,15,False
10_11050.wav,9,9,True
10_11058.wav,9,11,False
10_11060.wav,9,15,False
10_11061.wav,9,15,False
10_11063.wav,9,9,True
10_11064.wav,9,18,False
11_11102.wav,10,10,True
11_11103.wav,10,10,True
11_11105.wav,10,10,True
11_11111.wav,10,10,True
11_11112.wav,10,10,True
11_11114.wav,10,10,True
11_11117.wav,10,10,True
11_11123.wav,10,10,True
11_11139.wav,10,10,True
11_11147.wav,10,10,True
11_11150.wav,10,10,True
11_11151.wav,10,10,True
11_11154.wav,10,10,True
11_11157.wav,10,14,False
11_11165.wav,10,10,True
12_11201.wav,11,11,True
12_11205.wav,11,11,True
12_11209.wav,11,11,True
12_11212.wav,11,10,False
12_11221.wav,11,11,True
12_11222.wav,11,11,True
12_11226.wav,11,11,True
12_11227.wav,11,11,True
12_11234.wav,11,11,True
12_11245.wav,11,11,True
12_11246.wav,11,11,True
12_11247.wav,11,11,True
12_11249.wav,11,3,False
12_11257.wav,11,11,True
12_11270.wav,11,11,True
13_11306.wav,12,12,True
13_11321.wav,12,12,True
13_11322.wav,12,12,True
13_11326.wav,12,12,True
13_11333.wav,12,12,True
13_11348.wav,12,12,True
13_11352.wav,12,12,True
13_11353.wav,12,12,True
13_11355.wav,12,12,True
13_11356.wav,12,12,True
13_11359.wav,12,12,True
13_11364.wav,12,12,True
13_11371.wav,12,12,True
13_11372.wav,12,12,True
13_11375.wav,12,12,True
14_11402.wav,13,13,True
14_11409.wav,13,13,True
14_11413.wav,13,13,True
14_11415.wav,13,13,True
14_11417.wav,13,13,True
14_11424.wav,13,13,True
14_11430.wav,13,13,True
14_11435.wav,13,13,True
14_11438.wav,13,13,True
14_11440.wav,13,13,True
14_11444.wav,13,13,True
14_11455.wav,13,13,True
14_11463.wav,13,13,True
14_11465.wav,13,13,True
14_11474.wav,13,13,True
15_11507.wav,14,14,True
15_11515.wav,14,14,True
15_11527.wav,14,14,True
15_11529.wav,14,14,True
15_11533.wav,14,14,True
15_11536.wav,14,14,True
15_11538.wav,14,14,True
15_11542.wav,14,14,True
15_11551.wav,14,14,True
15_11557.wav,14,14,True
15_11561.wav,14,14,True
15_11564.wav,14,14,True
15_11568.wav,14,14,True
15_11569.wav,14,15,False
15_11572.wav,14,14,True
16_11601.wav,15,15,True
16_11609.wav,15,15,True
16_11611.wav,15,15,True
16_11621.wav,15,9,False
16_11623.wav,15,9,False
16_11629.wav,15,20,False
16_11636.wav,15,9,False
16_11640.wav,15,15,True
16_11641.wav,15,9,False
16_11646.wav,15,15,True
16_11651.wav,15,9,False
16_11654.wav,15,0,False
16_11657.wav,15,19,False
16_11668.wav,15,15,True
16_11669.wav,15,15,True
17_11701.wav,16,16,True
17_11704.wav,16,16,True
17_11708.wav,16,16,True
17_11716.wav,16,16,True
17_11718.wav,16,16,True
17_11719.wav,16,16,True
17_11729.wav,16,20,False
17_11738.wav,16,16,True
17_11740.wav,16,16,True
17_11747.wav,16,16,True
17_11751.wav,16,16,True
17_11755.wav,16,16,True
17_11763.wav,16,16,True
17_11766.wav,16,16,True
17_11771.wav,16,16,True
18_11802.wav,17,17,True
18_11805.wav,17,17,True
18_11809.wav,17,17,True
18_11810.wav,17,17,True
18_11812.wav,17,17,True
18_11817.wav,17,17,True
18_11820.wav,17,17,True
18_11824.wav,17,17,True
18_11830.wav,17,17,True
18_11837.wav,17,17,True
18_11838.wav,17,17,True
18_11844.wav,17,17,True
18_11853.wav,17,17,True
18_11856.wav,17,17,True
18_11867.wav,17,17,True
19_11911.wav,18,18,True
19_11921.wav,18,18,True
19_11926.wav,18,18,True
19_11929.wav,18,18,True
19_11936.wav,18,18,True
19_11939.wav,18,18,True
19_11940.wav,18,18,True
19_11949.wav,18,18,True
19_11951.wav,18,18,True
19_11953.wav,18,18,True
19_11959.wav,18,18,True
19_11965.wav,18,18,True
19_11967.wav,18,0,False
19_11968.wav,18,18,True
19_11972.wav,18,18,True
20_12010.wav,19,19,True
20_12012.wav,19,19,True
20_12015.wav,19,19,True
20_12016.wav,19,19,True
20_12017.wav,19,19,True
20_12021.wav,19,19,True
20_12022.wav,19,19,True
20_12023.wav,19,19,True
20_12025.wav,19,19,True
20_12026.wav,19,19,True
20_12032.wav,19,19,True
20_12047.wav,19,19,True
20_12059.wav,19,19,True
20_12070.wav,19,19,True
20_12071.wav,19,19,True
21_12103.wav,20,20,True
21_12105.wav,20,5,False
21_12110.wav,20,20,True
21_12114.wav,20,11,False
21_12116.wav,20,20,True
21_12125.wav,20,20,True
21_12130.wav,20,20,True
21_12145.wav,20,20,True
21_12149.wav,20,20,True
21_12156.wav,20,20,True
21_12157.wav,20,20,True
21_12162.wav,20,20,True
21_12165.wav,20,20,True
21_12170.wav,20,21,False
21_12172.wav,20,20,True
22_12203.wav,21,21,True
22_12209.wav,21,21,True
22_12211.wav,21,21,True
22_12212.wav,21,21,True
22_12213.wav,21,24,False
22_12214.wav,21,17,False
22_12217.wav,21,21,True
22_12225.wav,21,21,True
22_12229.wav,21,21,True
22_12232.wav,21,21,True
22_12234.wav,21,21,True
22_12256.wav,21,21,True
22_12267.wav,21,21,True
22_12268.wav,21,21,True
22_12274.wav,21,21,True
23_12302.wav,22,22,True
23_12306.wav,22,22,True
23_12312.wav,22,22,True
23_12313.wav,22,22,True
23_12317.wav,22,22,True
23_12319.wav,22,22,True
23_12327.wav,22,22,True
23_12330.wav,22,22,True
23_12335.wav,22,22,True
23_12339.wav,22,22,True
23_12346.wav,22,22,True
23_12348.wav,22,22,True
23_12360.wav,22,22,True
23_12364.wav,22,22,True
23_12366.wav,22,22,True
24_12401.wav,23,23,True
24_12403.wav,23,1,False
24_12406.wav,23,23,True
24_12419.wav,23,18,False
24_12421.wav,23,23,True
24_12422.wav,23,23,True
24_12427.wav,23,23,True
24_12447.wav,23,23,True
24_12456.wav,23,23,True
24_12457.wav,23,23,True
24_12458.wav,23,23,True
24_12459.wav,23,23,True
24_12460.wav,23,23,True
24_12467.wav,23,23,True
24_12469.wav,23,23,True
25_12502.wav,24,24,True
25_12513.wav,24,24,True
25_12517.wav,24,24,True
25_12520.wav,24,24,True
25_12530.wav,24,24,True
25_12532.wav,24,24,True
25_12533.wav,24,24,True
25_12540.wav,24,24,True
25_12541.wav,24,24,True
25_12546.wav,24,24,True
25_12554.wav,24,24,True
25_12565.wav,24,24,True
25_12569.wav,24,24,True
25_12572.wav,24,24,True
25_12575.wav,24,24,True
26_12603.wav,25,25,True
26_12610.wav,25,25,True
26_12618.wav,25,25,True
26_12622.wav,25,25,True
26_12628.wav,25,25,True
26_12632.wav,25,25,True
26_12637.wav,25,25,True
26_12644.wav,25,25,True
26_12651.wav,25,5,False
26_12653.wav,25,25,True
26_12655.wav,25,25,True
26_12656.wav,25,25,True
26_12659.wav,25,25,True
26_12670.wav,25,25,True
26_12672.wav,25,25,True
27_12703.wav,26,26,True
27_12705.wav,26,26,True
27_12710.wav,26,26,True
27_12711.wav,26,26,True
27_12723.wav,26,26,True
27_12728.wav,26,5,False
27_12731.wav,26,26,True
27_12735.wav,26,26,True
27_12736.wav,26,26,True
27_12740.wav,26,26,True
27_12745.wav,26,4,False
27_12747.wav,26,26,True
27_12756.wav,26,22,False
27_12765.wav,26,3,False
27_12766.wav,26,26,True
