Original ID,Original Dataset File Name,Variant,Class ID,Class Name,source_seen_in_training,fallback_prediction,audit_prediction,audit_correct
1_10101,1_10101.wav,pitch_down_2,1,Fire,True,Fire,Fire,True
1_10105,1_10105.wav,pitch_up_2,1,Fire,True,Fire,Fire,True
1_10107,1_10107.wav,pitch_up_2,1,Fire,True,Fire,Fire,True
1_10108,1_10108.wav,original,1,Fire,True,Fire,Fire,True
1_10113,1_10113.wav,pitch_down_2,1,Fire,True,Fire,Fire,True
1_10117,1_10117.wav,original,1,Fire,True,Fire,Fire,True
1_10117,1_10117.wav,pitch_up_2,1,Fire,True,Fire,Fire,True
1_10118,1_10118.wav,pitch_down_2,1,Fire,True,Fire,Fire,True
1_10119,1_10119.wav,original,1,Fire,True,Fire,Fire,True
1_10120,1_10120.wav,original,1,Fire,True,Fire,Fire,True
1_10120,1_10120.wav,pitch_down_2,1,Fire,True,Fire,Fire,True
1_10122,1_10122.wav,original,1,Fire,True,Fire,Fire,True
1_10124,1_10124.wav,pitch_up_2,1,Fire,True,Fire,Fire,True
1_10125,1_10125.wav,pitch_up_2,1,Fire,True,Fire,Fire,True
1_10130,1_10130.wav,original,1,Fire,True,Fire,Fire,True
1_10130,1_10130.wav,pitch_down_2,1,Fire,True,Fire,Fire,True
1_10131,1_10131.wav,pitch_up_2,1,Fire,True,Fire,Fire,True
1_10134,1_10134.wav,original,1,Fire,True,Fire,Fire,True
1_10135,1_10135.wav,original,1,Fire,True,Fire,Fire,True
1_10135,1_10135.wav,pitch_down_2,1,Fire,True,Fire,Fire,True
1_10136,1_10136.wav,pitch_down_2,1,Fire,True,Fire,Fire,True
1_10136,1_10136.wav,pitch_up_2,1,Fire,True,Fire,Fire,True
1_10139,1_10139.wav,pitch_up_2,1,Fire,True,Fire,Fire,True
1_10141,1_10141.wav,pitch_down_2,1,Fire,True,Fire,Fire,True
1_10144,1_10144.wav,original,1,Fire,True,Fire,Fire,True
1_10144,1_10144.wav,pitch_down_2,1,Fire,True,Fire,Fire,True
1_10150,1_10150.wav,pitch_up_2,1,Fire,True,Fire,Fire,True
1_10151,1_10151.wav,pitch_down_2,1,Fire,True,Fire,Fire,True
1_10153,1_10153.wav,pitch_down_2,1,Fire,True,Fire,Fire,True
1_10154,1_10154.wav,pitch_down_2,1,Fire,True,Fire,Fire,True
1_10157,1_10157.wav,pitch_down_2,1,Fire,True,Fire,Fire,True
1_10159,1_10159.wav,original,1,Fire,True,Fire,Fire,True
1_10160,1_10160.wav,pitch_up_2,1,Fire,True,Fire,Fire,True
1_10162,1_10162.wav,pitch_up_2,1,Fire,True,Fire,Fire,True
1_10163,1_10163.wav,pitch_down_2,1,Fire,True,Fire,Fire,True
1_10163,1_10163.wav,pitch_up_2,1,Fire,True,Fire,Fire,True
1_10164,1_10164.wav,pitch_up_2,1,Fire,True,Fire,Fire,True
1_10166,1_10166.wav,pitch_up_2,1,Fire,True,Fire,Fire,True
1_10168,1_10168.wav,pitch_down_2,1,Fire,True,Fire,Fire,True
1_10169,1_10169.wav,pitch_up_2,1,Fire,True,Fire,Fire,True
1_10171,1_10171.wav,original,1,Fire,True,Fire,Fire,True
1_10171,1_10171.wav,pitch_down_2,1,Fire,True,Fire,Fire,True
1_10173,1_10173.wav,pitch_down_2,1,Fire,True,Fire,Fire,True
1_10174,1_10174.wav,pitch_up_2,1,Fire,True,Fire,Fire,True
1_10175,1_10175.wav,pitch_up_2,1,Fire,True,Fire,Fire,True
2_10201,2_10201.wav,pitch_down_2,2,Rain,True,Rain,Rain,True
2_10201,2_10201.wav,pitch_up_2,2,Rain,True,Rain,Rain,True
2_10203,2_10203.wav,original,2,Rain,True,Rain,Rain,True
2_10203,2_10203.wav,pitch_up_2,2,Rain,True,Rain,Rain,True
2_10204,2_10204.wav,pitch_down_2,2,Rain,True,Rain,Rain,True
2_10213,2_10213.wav,original,2,Rain,True,Rain,Rain,True
2_10213,2_10213.wav,pitch_up_2,2,Rain,True,Rain,Rain,True
2_10214,2_10214.wav,pitch_up_2,2,Rain,True,Rain,Rain,True
2_10216,2_10216.wav,pitch_up_2,2,Rain,True,Rain,Rain,True
2_10218,2_10218.wav,original,2,Rain,True,Rain,Rain,True
2_10220,2_10220.wav,pitch_up_2,2,Rain,True,Rain,Rain,True
2_10228,2_10228.wav,original,2,Rain,True,Rain,Rain,True
2_10230,2_10230.wav,pitch_up_2,2,Rain,True,Rain,Rain,True
2_10231,2_10231.wav,pitch_up_2,2,Rain,True,Rain,Rain,True
2_10232,2_10232.wav,pitch_up_2,2,Rain,True,Rain,Rain,True
2_10233,2_10233.wav,pitch_up_2,2,Rain,True,Rain,Rain,True
2_10235,2_10235.wav,pitch_down_2,2,Rain,True,Rain,Rain,True
2_10238,2_10238.wav,original,2,Rain,True,Rain,Rain,True
2_10238,2_10238.wav,pitch_down_2,2,Rain,True,Rain,Rain,True
2_10243,2_10243.wav,pitch_down_2,2,Rain,True,Rain,Rain,True
2_10243,2_10243.wav,pitch_up_2,2,Rain,True,Rain,Rain,True
2_10244,2_10244.wav,pitch_down_2,2,Rain,True,Rain,Rain,True
2_10247,2_10247.wav,pitch_down_2,2,Rain,True,Rain,Rain,True
2_10248,2_10248.wav,pitch_up_2,2,Rain,True,Rain,Rain,True
2_10249,2_10249.wav,pitch_up_2,2,Rain,True,Rain,Rain,True
2_10250,2_10250.wav,original,2,Rain,True,Rain,Rain,True
2_10251,2_10251.wav,original,2,Rain,True,Rain,Rain,True
2_10253,2_10253.wav,pitch_up_2,2,Rain,True,Rain,Rain,True
2_10254,2_10254.wav,original,2,Rain,True,Rain,Rain,True
2_10254,2_10254.wav,pitch_down_2,2,Rain,True,Rain,Rain,True
2_10255,2_10255.wav,pitch_down_2,2,Rain,True,Rain,Rain,True
2_10256,2_10256.wav,pitch_up_2,2,Rain,True,Rain,Rain,True
2_10260,2_10260.wav,original,2,Rain,True,Rain,Rain,True
2_10262,2_10262.wav,pitch_down_2,2,Rain,True,Rain,Rain,True
2_10263,2_10263.wav,original,2,Rain,True,Rain,Rain,True
2_10263,2_10263.wav,pitch_up_2,2,Rain,True,Rain,Rain,True
2_10265,2_10265.wav,pitch_up_2,2,Rain,True,Rain,Rain,True
2_10266,2_10266.wav,pitch_up_2,2,Rain,True,Rain,Rain,True
2_10267,2_10267.wav,original,2,Rain,True,Rain,Rain,True
2_10269,2_10269.wav,original,2,Rain,True,Rain,Rain,True
2_10270,2_10270.wav,original,2,Rain,True,Rain,Rain,True
2_10272,2_10272.wav,pitch_up_2,2,Rain,True,Rain,Rain,True
2_10273,2_10273.wav,pitch_down_2,2,Rain,True,Rain,Rain,True
2_10273,2_10273.wav,pitch_up_2,2,Rain,True,Rain,Rain,True
2_10274,2_10274.wav,pitch_up_2,2,Rain,True,Rain,Rain,True
3_10301,3_10301.wav,original,3,Thunderstorm,True,Thunderstorm,Thunderstorm,True
3_10301,3_10301.wav,pitch_down_2,3,Thunderstorm,True,Thunderstorm,Thunderstorm,True
3_10302,3_10302.wav,original,3,Thunderstorm,True,Thunderstorm,Thunderstorm,True
3_10304,3_10304.wav,original,3,Thunderstorm,True,Thunderstorm,Thunderstorm,True
3_10306,3_10306.wav,original,3,Thunderstorm,True,Thunderstorm,Thunderstorm,True
3_10308,3_10308.wav,pitch_down_2,3,Thunderstorm,True,Thunderstorm,Thunderstorm,True
3_10308,3_10308.wav,pitch_up_2,3,Thunderstorm,True,Thunderstorm,Thunderstorm,True
3_10310,3_10310.wav,pitch_down_2,3,Thunderstorm,True,Thunderstorm,Thunderstorm,True
3_10311,3_10311.wav,pitch_up_2,3,Thunderstorm,True,Thunderstorm,Thunderstorm,True
3_10312,3_10312.wav,original,3,Thunderstorm,True,Thunderstorm,Thunderstorm,True
3_10313,3_10313.wav,pitch_up_2,3,Thunderstorm,True,Thunderstorm,Thunderstorm,True
3_10316,3_10316.wav,pitch_down_2,3,Thunderstorm,True,Thunderstorm,Thunderstorm,True
3_10323,3_10323.wav,pitch_up_2,3,Thunderstorm,True,Thunderstorm,Thunderstorm,True
3_10327,3_10327.wav,pitch_down_2,3,Thunderstorm,True,Thunderstorm,Thunderstorm,True
3_10328,3_10328.wav,pitch_up_2,3,Thunderstorm,True,Thunderstorm,Thunderstorm,True
3_10329,3_10329.wav,original,3,Thunderstorm,True,Thunderstorm,Thunderstorm,True
3_10329,3_10329.wav,pitch_down_2,3,Thunderstorm,True,Thunderstorm,Thunderstorm,True
3_10332,3_10332.wav,original,3,Thunderstorm,True,Thunderstorm,Thunderstorm,True
3_10332,3_10332.wav,pitch_up_2,3,Thunderstorm,True,Thunderstorm,Thunderstorm,True
3_10334,3_10334.wav,original,3,Thunderstorm,True,Thunderstorm,Thunderstorm,True
3_10334,3_10334.wav,pitch_down_2,3,Thunderstorm,True,Thunderstorm,Thunderstorm,True
3_10342,3_10342.wav,original,3,Thunderstorm,True,Thunderstorm,Thunderstorm,True
3_10343,3_10343.wav,pitch_down_2,3,Thunderstorm,True,Thunderstorm,Thunderstorm,True
3_10346,3_10346.wav,pitch_up_2,3,Thunderstorm,True,Thunderstorm,Thunderstorm,True
3_10347,3_10347.wav,pitch_down_2,3,Thunderstorm,True,Thunderstorm,Thunderstorm,True
3_10348,3_10348.wav,pitch_up_2,3,Thunderstorm,True,Thunderstorm,Thunderstorm,True
3_10349,3_10349.wav,pitch_up_2,3,Thunderstorm,True,Thunderstorm,Thunderstorm,True
3_10351,3_10351.wav,pitch_down_2,3,Thunderstorm,True,Thunderstorm,Thunderstorm,True
3_10352,3_10352.wav,original,3,Thunderstorm,True,Thunderstorm,Thunderstorm,True
3_10354,3_10354.wav,original,3,Thunderstorm,True,Thunderstorm,Thunderstorm,True
3_10355,3_10355.wav,original,3,Thunderstorm,True,Thunderstorm,Thunderstorm,True
3_10359,3_10359.wav,pitch_down_2,3,Thunderstorm,True,Thunderstorm,Thunderstorm,True
3_10360,3_10360.wav,original,3,Thunderstorm,False,Thunderstorm,Thunderstorm,True
3_10360,3_10360.wav,pitch_down_2,3,Thunderstorm,False,Thunderstorm,Thunderstorm,True
3_10360,3_10360.wav,pitch_up_2,3,Thunderstorm,False,Thunderstorm,Thunderstorm,True
3_10362,3_10362.wav,pitch_down_2,3,Thunderstorm,True,Thunderstorm,Thunderstorm,True
3_10362,3_10362.wav,pitch_up_2,3,Thunderstorm,True,Thunderstorm,Thunderstorm,True
3_10364,3_10364.wav,original,3,Thunderstorm,True,Thunderstorm,Thunderstorm,True
3_10366,3_10366.wav,pitch_down_2,3,Thunderstorm,True,Thunderstorm,Thunderstorm,True
3_10368,3_10368.wav,pitch_down_2,3,Thunderstorm,True,Thunderstorm,Thunderstorm,True
3_10368,3_10368.wav,pitch_up_2,3,Thunderstorm,True,Thunderstorm,Thunderstorm,True
3_10369,3_10369.wav,pitch_down_2,3,Thunderstorm,True,Thunderstorm,Thunderstorm,True
3_10370,3_10370.wav,original,3,Thunderstorm,True,Thunderstorm,Thunderstorm,True
3_10373,3_10373.wav,pitch_down_2,3,Thunderstorm,True,Thunderstorm,Thunderstorm,True
3_10375,3_10375.wav,pitch_down_2,3,Thunderstorm,True,Thunderstorm,Thunderstorm,True
4_10402,4_10402.wav,pitch_down_2,4,WaterDrops,True,WaterDrops,WaterDrops,True
4_10404,4_10404.wav,original,4,WaterDrops,True,WaterDrops,WaterDrops,True
4_10404,4_10404.wav,pitch_down_2,4,WaterDrops,True,WaterDrops,WaterDrops,True
4_10409,4_10409.wav,pitch_down_2,4,WaterDrops,True,WaterDrops,WaterDrops,True
4_10409,4_10409.wav,pitch_up_2,4,WaterDrops,True,WaterDrops,WaterDrops,True
4_10410,4_10410.wav,original,4,WaterDrops,True,WaterDrops,WaterDrops,True
4_10410,4_10410.wav,pitch_up_2,4,WaterDrops,True,WaterDrops,WaterDrops,True
4_10411,4_10411.wav,pitch_up_2,4,WaterDrops,True,WaterDrops,WaterDrops,True
4_10412,4_10412.wav,pitch_down_2,4,WaterDrops,True,WaterDrops,WaterDrops,True
4_10414,4_10414.wav,pitch_down_2,4,WaterDrops,True,WaterDrops,WaterDrops,True
4_10416,4_10416.wav,original,4,WaterDrops,True,WaterDrops,WaterDrops,True
4_10416,4_10416.wav,pitch_down_2,4,WaterDrops,True,WaterDrops,WaterDrops,True
4_10419,4_10419.wav,pitch_down_2,4,WaterDrops,True,WaterDrops,WaterDrops,True
4_10420,4_10420.wav,pitch_down_2,4,WaterDrops,True,WaterDrops,WaterDrops,True
4_10420,4_10420.wav,pitch_up_2,4,WaterDrops,True,WaterDrops,WaterDrops,True
4_10421,4_10421.wav,pitch_up_2,4,WaterDrops,True,WaterDrops,WaterDrops,True
4_10422,4_10422.wav,pitch_down_2,4,WaterDrops,True,WaterDrops,WaterDrops,True
4_10428,4_10428.wav,original,4,WaterDrops,True,WaterDrops,WaterDrops,True
4_10429,4_10429.wav,original,4,WaterDrops,True,WaterDrops,WaterDrops,True
4_10429,4_10429.wav,pitch_down_2,4,WaterDrops,True,WaterDrops,WaterDrops,True
4_10430,4_10430.wav,pitch_up_2,4,WaterDrops,True,WaterDrops,WaterDrops,True
4_10434,4_10434.wav,pitch_down_2,4,WaterDrops,True,WaterDrops,WaterDrops,True
4_10437,4_10437.wav,original,4,WaterDrops,True,WaterDrops,WaterDrops,True
4_10439,4_10439.wav,original,4,WaterDrops,True,WaterDrops,WaterDrops,True
4_10440,4_10440.wav,original,4,WaterDrops,True,WaterDrops,WaterDrops,True
4_10440,4_10440.wav,pitch_down_2,4,WaterDrops,True,WaterDrops,WaterDrops,True
4_10445,4_10445.wav,pitch_down_2,4,WaterDrops,True,WaterDrops,WaterDrops,True
4_10446,4_10446.wav,original,4,WaterDrops,True,WaterDrops,WaterDrops,True
4_10447,4_10447.wav,pitch_up_2,4,WaterDrops,True,WaterDrops,WaterDrops,True
4_10449,4_10449.wav,original,4,WaterDrops,True,WaterDrops,WaterDrops,True
4_10449,4_10449.wav,pitch_down_2,4,WaterDrops,True,WaterDrops,WaterDrops,True
4_10451,4_10451.wav,pitch_up_2,4,WaterDrops,True,WaterDrops,WaterDrops,True
4_10452,4_10452.wav,pitch_down_2,4,WaterDrops,True,WaterDrops,WaterDrops,True
4_10453,4_10453.wav,original,4,WaterDrops,True,WaterDrops,WaterDrops,True
4_10454,4_10454.wav,pitch_down_2,4,WaterDrops,True,WaterDrops,WaterDrops,True
4_10455,4_10455.wav,pitch_down_2,4,WaterDrops,True,WaterDrops,WaterDrops,True
4_10459,4_10459.wav,pitch_up_2,4,WaterDrops,True,WaterDrops,WaterDrops,True
4_10460,4_10460.wav,original,4,WaterDrops,True,WaterDrops,WaterDrops,True
4_10462,4_10462.wav,pitch_up_2,4,WaterDrops,True,WaterDrops,WaterDrops,True
4_10464,4_10464.wav,pitch_down_2,4,WaterDrops,True,WaterDrops,WaterDrops,True
4_10464,4_10464.wav,pitch_up_2,4,WaterDrops,True,WaterDrops,WaterDrops,True
4_10465,4_10465.wav,pitch_down_2,4,WaterDrops,True,WaterDrops,WaterDrops,True
4_10466,4_10466.wav,pitch_down_2,4,WaterDrops,True,WaterDrops,WaterDrops,True
4_10467,4_10467.wav,pitch_up_2,4,WaterDrops,True,WaterDrops,WaterDrops,True
4_10469,4_10469.wav,original,4,WaterDrops,True,WaterDrops,WaterDrops,True
5_10502,5_10502.wav,original,5,Wind,True,Wind,Wind,True
5_10502,5_10502.wav,pitch_up_2,5,Wind,True,Wind,Wind,True
5_10507,5_10507.wav,pitch_up_2,5,Wind,True,Wind,Wind,True
5_10509,5_10509.wav,pitch_down_2,5,Wind,True,Wind,Wind,True
5_10511,5_10511.wav,original,5,Wind,True,Wind,Wind,True
5_10511,5_10511.wav,pitch_up_2,5,Wind,True,Wind,Wind,True
5_10512,5_10512.wav,pitch_up_2,5,Wind,True,Wind,Wind,True
5_10514,5_10514.wav,original,5,Wind,True,Wind,Wind,True
5_10519,5_10519.wav,original,5,Wind,True,Wind,Wind,True
5_10520,5_10520.wav,pitch_down_2,5,Wind,True,Wind,Wind,True
5_10521,5_10521.wav,pitch_down_2,5,Wind,True,Wind,Wind,True
5_10522,5_10522.wav,original,5,Wind,True,Wind,Wind,True
5_10522,5_10522.wav,pitch_up_2,5,Wind,True,Wind,Wind,True
5_10524,5_10524.wav,original,5,Wind,True,Wind,Wind,True
5_10525,5_10525.wav,pitch_up_2,5,Wind,True,Wind,Wind,True
5_10527,5_10527.wav,original,5,Wind,True,Wind,Wind,True
5_10532,5_10532.wav,original,5,Wind,True,Wind,Wind,True
5_10532,5_10532.wav,pitch_down_2,5,Wind,True,Wind,Wind,True
5_10537,5_10537.wav,original,5,Wind,True,Wind,Wind,True
5_10538,5_10538.wav,original,5,Wind,True,Wind,Wind,True
5_10538,5_10538.wav,pitch_down_2,5,Wind,True,Wind,Wind,True
5_10540,5_10540.wav,original,5,Wind,True,Wind,Wind,True
5_10541,5_10541.wav,original,5,Wind,True,Wind,Wind,True
5_10544,5_10544.wav,pitch_down_2,5,Wind,True,Wind,Wind,True
5_10545,5_10545.wav,pitch_down_2,5,Wind,True,Wind,Wind,True
5_10546,5_10546.wav,original,5,Wind,True,Wind,Wind,True
5_10546,5_10546.wav,pitch_down_2,5,Wind,True,Wind,Wind,True
5_10550,5_10550.wav,pitch_up_2,5,Wind,True,Wind,Wind,True
5_10551,5_10551.wav,pitch_down_2,5,Wind,True,Wind,Wind,True
5_10560,5_10560.wav,pitch_down_2,5,Wind,True,Wind,Wind,True
5_10560,5_10560.wav,pitch_up_2,5,Wind,True,Wind,Wind,True
5_10561,5_10561.wav,original,5,Wind,True,Wind,Wind,True
5_10562,5_10562.wav,original,5,Wind,True,Wind,Wind,True
5_10563,5_10563.wav,original,5,Wind,True,Wind,Wind,True
5_10563,5_10563.wav,pitch_up_2,5,Wind,True,Wind,Wind,True
5_10564,5_10564.wav,original,5,Wind,True,Wind,Wind,True
5_10566,5_10566.wav,pitch_up_2,5,Wind,True,Wind,Wind,True
5_10567,5_10567.wav,pitch_up_2,5,Wind,True,Wind,Wind,True
5_10568,5_10568.wav,pitch_down_2,5,Wind,True,Wind,Wind,True
5_10568,5_10568.wav,pitch_up_2,5,Wind,True,Wind,Wind,True
5_10569,5_10569.wav,pitch_down_2,5,Wind,True,Wind,Wind,True
5_10569,5_10569.wav,pitch_up_2,5,Wind,True,Wind,Wind,True
5_10570,5_10570.wav,original,5,Wind,True,Wind,Wind,True
5_10573,5_10573.wav,original,5,Wind,True,Wind,Wind,True
5_10575,5_10575.wav,pitch_up_2,5,Wind,True,Wind,Wind,True
6_10601,6_10601.wav,original,6,Silence,True,Silence,Silence,True
6_10604,6_10604.wav,pitch_down_2,6,Silence,True,Silence,Silence,True
6_10606,6_10606.wav,pitch_down_2,6,Silence,True,Silence,Silence,True
6_10609,6_10609.wav,original,6,Silence,True,Silence,Silence,True
6_10612,6_10612.wav,pitch_down_2,6,Silence,True,Silence,Silence,True
6_10613,6_10613.wav,pitch_down_2,6,Silence,True,Silence,Silence,True
6_10614,6_10614.wav,original,6,Silence,True,Silence,Silence,True
6_10614,6_10614.wav,pitch_down_2,6,Silence,True,Silence,Silence,True
6_10616,6_10616.wav,original,6,Silence,True,Silence,Silence,True
6_10618,6_10618.wav,pitch_down_2,6,Silence,True,Silence,Silence,True
6_10619,6_10619.wav,original,6,Silence,True,Silence,Silence,True
6_10619,6_10619.wav,pitch_up_2,6,Silence,True,Silence,Silence,True
6_10621,6_10621.wav,pitch_up_2,6,Silence,True,Silence,Silence,True
6_10625,6_10625.wav,pitch_up_2,6,Silence,True,Silence,Silence,True
6_10630,6_10630.wav,pitch_up_2,6,Silence,True,Silence,Silence,True
6_10631,6_10631.wav,original,6,Silence,True,Silence,Silence,True
6_10634,6_10634.wav,pitch_down_2,6,Silence,True,Silence,Silence,True
6_10637,6_10637.wav,pitch_down_2,6,Silence,True,Silence,Silence,True
6_10639,6_10639.wav,original,6,Silence,True,Silence,Silence,True
6_10639,6_10639.wav,pitch_up_2,6,Silence,True,Silence,Silence,True
6_10643,6_10643.wav,pitch_down_2,6,Silence,True,Silence,Silence,True
6_10644,6_10644.wav,original,6,Silence,True,Silence,Silence,True
6_10645,6_10645.wav,pitch_up_2,6,Silence,True,Silence,Silence,True
6_10646,6_10646.wav,pitch_down_2,6,Silence,True,Silence,Silence,True
6_10648,6_10648.wav,pitch_down_2,6,Silence,True,Silence,Silence,True
6_10650,6_10650.wav,pitch_down_2,6,Silence,True,Silence,Silence,True
6_10651,6_10651.wav,original,6,Silence,True,Silence,Silence,True
6_10652,6_10652.wav,original,6,Silence,True,Silence,Silence,True
6_10654,6_10654.wav,pitch_up_2,6,Silence,True,Silence,Silence,True
6_10655,6_10655.wav,pitch_down_2,6,Silence,True,Silence,Silence,True
6_10656,6_10656.wav,pitch_up_2,6,Silence,True,Silence,Silence,True
6_10657,6_10657.wav,original,6,Silence,True,Silence,Silence,True
6_10657,6_10657.wav,pitch_up_2,6,Silence,True,Silence,Silence,True
6_10659,6_10659.wav,original,6,Silence,True,Silence,Silence,True
6_10660,6_10660.wav,pitch_up_2,6,Silence,True,Silence,Silence,True
6_10661,6_10661.wav,pitch_down_2,6,Silence,True,Silence,Silence,True
6_10667,6_10667.wav,pitch_up_2,6,Silence,True,Silence,Silence,True
6_10669,6_10669.wav,pitch_down_2,6,Silence,True,Silence,Silence,True
6_10670,6_10670.wav,pitch_down_2,6,Silence,True,Silence,Silence,True
6_10671,6_10671.wav,original,6,Silence,True,Silence,Silence,True
6_10671,6_10671.wav,pitch_down_2,6,Silence,True,Silence,Silence,True
6_10672,6_10672.wav,original,6,Silence,False,Silence,Silence,True
6_10672,6_10672.wav,pitch_down_2,6,Silence,False,Silence,Silence,True
6_10672,6_10672.wav,pitch_up_2,6,Silence,False,Silence,Silence,True
6_10673,6_10673.wav,pitch_up_2,6,Silence,True,Silence,Silence,True
7_10704,7_10704.wav,pitch_down_2,7,TreeFalling,True,TreeFalling,TreeFalling,True
7_10706,7_10706.wav,pitch_down_2,7,TreeFalling,True,TreeFalling,TreeFalling,True
7_10709,7_10709.wav,original,7,TreeFalling,True,TreeFalling,TreeFalling,True
7_10709,7_10709.wav,pitch_down_2,7,TreeFalling,True,TreeFalling,TreeFalling,True
7_10710,7_10710.wav,pitch_down_2,7,TreeFalling,True,TreeFalling,TreeFalling,True
7_10711,7_10711.wav,pitch_up_2,7,TreeFalling,True,TreeFalling,TreeFalling,True
7_10712,7_10712.wav,pitch_down_2,7,TreeFalling,True,TreeFalling,TreeFalling,True
7_10712,7_10712.wav,pitch_up_2,7,TreeFalling,True,TreeFalling,TreeFalling,True
7_10713,7_10713.wav,pitch_up_2,7,TreeFalling,True,TreeFalling,TreeFalling,True
7_10714,7_10714.wav,original,7,TreeFalling,True,TreeFalling,TreeFalling,True
7_10714,7_10714.wav,pitch_up_2,7,TreeFalling,True,TreeFalling,TreeFalling,True
7_10717,7_10717.wav,pitch_up_2,7,TreeFalling,True,TreeFalling,TreeFalling,True
7_10718,7_10718.wav,pitch_up_2,7,TreeFalling,True,TreeFalling,TreeFalling,True
7_10719,7_10719.wav,original,7,TreeFalling,True,TreeFalling,TreeFalling,True
7_10719,7_10719.wav,pitch_down_2,7,TreeFalling,True,TreeFalling,TreeFalling,True
7_10721,7_10721.wav,original,7,TreeFalling,True,TreeFalling,TreeFalling,True
7_10723,7_10723.wav,pitch_up_2,7,TreeFalling,True,TreeFalling,TreeFalling,True
7_10725,7_10725.wav,original,7,TreeFalling,True,TreeFalling,TreeFalling,True
7_10727,7_10727.wav,pitch_up_2,7,TreeFalling,True,TreeFalling,TreeFalling,True
7_10733,7_10733.wav,pitch_down_2,7,TreeFalling,True,TreeFalling,TreeFalling,True
7_10735,7_10735.wav,pitch_down_2,7,TreeFalling,True,TreeFalling,TreeFalling,True
7_10736,7_10736.wav,pitch_up_2,7,TreeFalling,True,TreeFalling,TreeFalling,True
7_10737,7_10737.wav,original,7,TreeFalling,True,TreeFalling,TreeFalling,True
7_10737,7_10737.wav,pitch_up_2,7,TreeFalling,True,TreeFalling,TreeFalling,True
7_10738,7_10738.wav,pitch_down_2,7,TreeFalling,True,TreeFalling,TreeFalling,True
7_10739,7_10739.wav,original,7,TreeFalling,True,TreeFalling,TreeFalling,True
7_10743,7_10743.wav,pitch_up_2,7,TreeFalling,True,TreeFalling,TreeFalling,True
7_10744,7_10744.wav,pitch_down_2,7,TreeFalling,True,TreeFalling,TreeFalling,True
7_10750,7_10750.wav,original,7,TreeFalling,False,TreeFalling,TreeFalling,True
7_10750,7_10750.wav,pitch_down_2,7,TreeFalling,False,TreeFalling,TreeFalling,True
7_10750,7_10750.wav,pitch_up_2,7,TreeFalling,False,TreeFalling,TreeFalling,True
7_10751,7_10751.wav,pitch_down_2,7,TreeFalling,True,TreeFalling,TreeFalling,True
7_10752,7_10752.wav,original,7,TreeFalling,True,TreeFalling,TreeFalling,True
7_10755,7_10755.wav,pitch_down_2,7,TreeFalling,True,TreeFalling,TreeFalling,True
7_10757,7_10757.wav,pitch_up_2,7,TreeFalling,True,TreeFalling,TreeFalling,True
7_10758,7_10758.wav,original,7,TreeFalling,True,TreeFalling,TreeFalling,True
7_10761,7_10761.wav,original,7,TreeFalling,True,TreeFalling,TreeFalling,True
7_10763,7_10763.wav,original,7,TreeFalling,True,TreeFalling,TreeFalling,True
7_10764,7_10764.wav,original,7,TreeFalling,True,TreeFalling,TreeFalling,True
7_10765,7_10765.wav,original,7,TreeFalling,True,TreeFalling,TreeFalling,True
7_10765,7_10765.wav,pitch_down_2,7,TreeFalling,True,TreeFalling,TreeFalling,True
7_10771,7_10771.wav,original,7,TreeFalling,True,TreeFalling,TreeFalling,True
7_10772,7_10772.wav,pitch_up_2,7,TreeFalling,True,TreeFalling,TreeFalling,True
7_10773,7_10773.wav,original,7,TreeFalling,True,TreeFalling,TreeFalling,True
7_10774,7_10774.wav,pitch_up_2,7,TreeFalling,True,TreeFalling,TreeFalling,True
8_10802,8_10802.wav,pitch_up_2,8,Helicopter,True,Helicopter,Helicopter,True
8_10805,8_10805.wav,original,8,Helicopter,True,Helicopter,Helicopter,True
8_10810,8_10810.wav,original,8,Helicopter,True,Helicopter,Helicopter,True
8_10811,8_10811.wav,pitch_up_2,8,Helicopter,True,Helicopter,Helicopter,True
8_10813,8_10813.wav,original,8,Helicopter,True,Helicopter,Helicopter,True
8_10813,8_10813.wav,pitch_down_2,8,Helicopter,True,Helicopter,Helicopter,True
8_10814,8_10814.wav,original,8,Helicopter,True,Helicopter,Helicopter,True
8_10815,8_10815.wav,pitch_up_2,8,Helicopter,True,Helicopter,Helicopter,True
8_10816,8_10816.wav,pitch_up_2,8,Helicopter,True,Helicopter,Helicopter,True
8_10819,8_10819.wav,pitch_down_2,8,Helicopter,True,Helicopter,Helicopter,True
8_10820,8_10820.wav,pitch_down_2,8,Helicopter,True,Helicopter,Helicopter,True
8_10820,8_10820.wav,pitch_up_2,8,Helicopter,True,Helicopter,Helicopter,True
8_10821,8_10821.wav,pitch_down_2,8,Helicopter,True,Helicopter,Helicopter,True
8_10823,8_10823.wav,original,8,Helicopter,True,Helicopter,Helicopter,True
8_10824,8_10824.wav,pitch_up_2,8,Helicopter,True,Helicopter,Helicopter,True
8_10827,8_10827.wav,pitch_down_2,8,Helicopter,True,Helicopter,Helicopter,True
8_10827,8_10827.wav,pitch_up_2,8,Helicopter,True,Helicopter,Helicopter,True
8_10830,8_10830.wav,pitch_up_2,8,Helicopter,True,Helicopter,Helicopter,True
8_10831,8_10831.wav,original,8,Helicopter,False,Thunderstorm,Thunderstorm,False
8_10831,8_10831.wav,pitch_down_2,8,Helicopter,False,Thunderstorm,Thunderstorm,False
8_10831,8_10831.wav,pitch_up_2,8,Helicopter,False,Thunderstorm,Thunderstorm,False
8_10833,8_10833.wav,original,8,Helicopter,True,Helicopter,Helicopter,True
8_10833,8_10833.wav,pitch_down_2,8,Helicopter,True,Helicopter,Helicopter,True
8_10836,8_10836.wav,pitch_down_2,8,Helicopter,True,Helicopter,Helicopter,True
8_10838,8_10838.wav,pitch_up_2,8,Helicopter,True,Helicopter,Helicopter,True
8_10839,8_10839.wav,original,8,Helicopter,True,Helicopter,Helicopter,True
8_10842,8_10842.wav,original,8,Helicopter,True,Helicopter,Helicopter,True
8_10845,8_10845.wav,original,8,Helicopter,True,Helicopter,Helicopter,True
8_10849,8_10849.wav,pitch_down_2,8,Helicopter,True,Helicopter,Helicopter,True
8_10849,8_10849.wav,pitch_up_2,8,Helicopter,True,Helicopter,Helicopter,True
8_10856,8_10856.wav,pitch_up_2,8,Helicopter,True,Helicopter,Helicopter,True
8_10857,8_10857.wav,original,8,Helicopter,True,Helicopter,Helicopter,True
8_10859,8_10859.wav,pitch_down_2,8,Helicopter,True,Helicopter,Helicopter,True
8_10862,8_10862.wav,pitch_up_2,8,Helicopter,True,Helicopter,Helicopter,True
8_10863,8_10863.wav,original,8,Helicopter,True,Helicopter,Helicopter,True
8_10866,8_10866.wav,pitch_down_2,8,Helicopter,True,VehicleEngine,Helicopter,True
8_10866,8_10866.wav,pitch_up_2,8,Helicopter,True,VehicleEngine,Helicopter,True
8_10869,8_10869.wav,original,8,Helicopter,False,Helicopter,Helicopter,True
8_10869,8_10869.wav,pitch_down_2,8,Helicopter,False,Generator,Generator,False
8_10869,8_10869.wav,pitch_up_2,8,Helicopter,False,VehicleEngine,VehicleEngine,False
8_10870,8_10870.wav,pitch_down_2,8,Helicopter,True,Helicopter,Helicopter,True
8_10871,8_10871.wav,pitch_down_2,8,Helicopter,True,Helicopter,Helicopter,True
8_10872,8_10872.wav,pitch_up_2,8,Helicopter,True,Helicopter,Helicopter,True
8_10873,8_10873.wav,pitch_up_2,8,Helicopter,True,Helicopter,Helicopter,True
8_10875,8_10875.wav,pitch_up_2,8,Helicopter,True,Helicopter,Helicopter,True
9_10902,9_10902.wav,pitch_up_2,9,VehicleEngine,True,VehicleEngine,VehicleEngine,True
9_10903,9_10903.wav,original,9,VehicleEngine,False,VehicleEngine,VehicleEngine,True
9_10903,9_10903.wav,pitch_down_2,9,VehicleEngine,False,VehicleEngine,VehicleEngine,True
9_10903,9_10903.wav,pitch_up_2,9,VehicleEngine,False,VehicleEngine,VehicleEngine,True
9_10914,9_10914.wav,pitch_down_2,9,VehicleEngine,True,VehicleEngine,VehicleEngine,True
9_10917,9_10917.wav,original,9,VehicleEngine,True,VehicleEngine,VehicleEngine,True
9_10921,9_10921.wav,original,9,VehicleEngine,True,VehicleEngine,VehicleEngine,True
9_10921,9_10921.wav,pitch_down_2,9,VehicleEngine,True,VehicleEngine,VehicleEngine,True
9_10924,9_10924.wav,pitch_up_2,9,VehicleEngine,True,Generator,VehicleEngine,True
9_10925,9_10925.wav,original,9,VehicleEngine,True,VehicleEngine,VehicleEngine,True
9_10926,9_10926.wav,pitch_down_2,9,VehicleEngine,True,VehicleEngine,VehicleEngine,True
9_10928,9_10928.wav,pitch_up_2,9,VehicleEngine,True,VehicleEngine,VehicleEngine,True
9_10930,9_10930.wav,pitch_up_2,9,VehicleEngine,True,VehicleEngine,VehicleEngine,True
9_10931,9_10931.wav,pitch_down_2,9,VehicleEngine,True,VehicleEngine,VehicleEngine,True
9_10935,9_10935.wav,original,9,VehicleEngine,True,VehicleEngine,VehicleEngine,True
9_10935,9_10935.wav,pitch_down_2,9,VehicleEngine,True,VehicleEngine,VehicleEngine,True
9_10936,9_10936.wav,original,9,VehicleEngine,True,VehicleEngine,VehicleEngine,True
9_10937,9_10937.wav,pitch_up_2,9,VehicleEngine,True,VehicleEngine,VehicleEngine,True
9_10938,9_10938.wav,pitch_up_2,9,VehicleEngine,True,VehicleEngine,VehicleEngine,True
9_10939,9_10939.wav,pitch_down_2,9,VehicleEngine,True,Generator,VehicleEngine,True
9_10940,9_10940.wav,pitch_down_2,9,VehicleEngine,True,VehicleEngine,VehicleEngine,True
9_10941,9_10941.wav,pitch_down_2,9,VehicleEngine,True,VehicleEngine,VehicleEngine,True
9_10941,9_10941.wav,pitch_up_2,9,VehicleEngine,True,VehicleEngine,VehicleEngine,True
9_10943,9_10943.wav,original,9,VehicleEngine,True,VehicleEngine,VehicleEngine,True
9_10944,9_10944.wav,pitch_up_2,9,VehicleEngine,True,VehicleEngine,VehicleEngine,True
9_10945,9_10945.wav,pitch_down_2,9,VehicleEngine,True,VehicleEngine,VehicleEngine,True
9_10948,9_10948.wav,pitch_down_2,9,VehicleEngine,True,VehicleEngine,VehicleEngine,True
9_10950,9_10950.wav,pitch_up_2,9,VehicleEngine,True,VehicleEngine,VehicleEngine,True
9_10952,9_10952.wav,original,9,VehicleEngine,True,VehicleEngine,VehicleEngine,True
9_10953,9_10953.wav,pitch_down_2,9,VehicleEngine,True,VehicleEngine,VehicleEngine,True
9_10954,9_10954.wav,original,9,VehicleEngine,True,VehicleEngine,VehicleEngine,True
9_10954,9_10954.wav,pitch_down_2,9,VehicleEngine,True,VehicleEngine,VehicleEngine,True
9_10956,9_10956.wav,original,9,VehicleEngine,True,VehicleEngine,VehicleEngine,True
9_10958,9_10958.wav,original,9,VehicleEngine,True,VehicleEngine,VehicleEngine,True
9_10958,9_10958.wav,pitch_up_2,9,VehicleEngine,True,VehicleEngine,VehicleEngine,True
9_10960,9_10960.wav,original,9,VehicleEngine,True,VehicleEngine,VehicleEngine,True
9_10963,9_10963.wav,pitch_down_2,9,VehicleEngine,True,VehicleEngine,VehicleEngine,True
9_10963,9_10963.wav,pitch_up_2,9,VehicleEngine,True,Speaking,VehicleEngine,True
9_10965,9_10965.wav,pitch_down_2,9,VehicleEngine,True,VehicleEngine,VehicleEngine,True
9_10965,9_10965.wav,pitch_up_2,9,VehicleEngine,True,VehicleEngine,VehicleEngine,True
9_10967,9_10967.wav,pitch_up_2,9,VehicleEngine,True,VehicleEngine,VehicleEngine,True
9_10968,9_10968.wav,pitch_down_2,9,VehicleEngine,True,VehicleEngine,VehicleEngine,True
9_10969,9_10969.wav,original,9,VehicleEngine,True,VehicleEngine,VehicleEngine,True
9_10972,9_10972.wav,pitch_down_2,9,VehicleEngine,True,VehicleEngine,VehicleEngine,True
9_10973,9_10973.wav,pitch_down_2,9,VehicleEngine,True,VehicleEngine,VehicleEngine,True
10_11001,10_11001.wav,original,10,Axe,True,Axe,Axe,True
10_11002,10_11002.wav,pitch_down_2,10,Axe,True,Axe,Axe,True
10_11005,10_11005.wav,original,10,Axe,True,Axe,Axe,True
10_11009,10_11009.wav,pitch_down_2,10,Axe,True,Axe,Axe,True
10_11011,10_11011.wav,original,10,Axe,True,Axe,Axe,True
10_11011,10_11011.wav,pitch_up_2,10,Axe,True,Axe,Axe,True
10_11012,10_11012.wav,original,10,Axe,True,WoodChop,Axe,True
10_11016,10_11016.wav,original,10,Axe,False,Axe,Axe,True
10_11016,10_11016.wav,pitch_down_2,10,Axe,False,Axe,Axe,True
10_11016,10_11016.wav,pitch_up_2,10,Axe,False,Axe,Axe,True
10_11018,10_11018.wav,pitch_down_2,10,Axe,True,Axe,Axe,True
10_11019,10_11019.wav,original,10,Axe,True,Axe,Axe,True
10_11021,10_11021.wav,pitch_up_2,10,Axe,True,WoodChop,Axe,True
10_11023,10_11023.wav,pitch_down_2,10,Axe,True,Axe,Axe,True
10_11023,10_11023.wav,pitch_up_2,10,Axe,True,WoodChop,Axe,True
10_11024,10_11024.wav,pitch_up_2,10,Axe,True,WoodChop,Axe,True
10_11025,10_11025.wav,original,10,Axe,True,Axe,Axe,True
10_11026,10_11026.wav,original,10,Axe,True,Axe,Axe,True
10_11026,10_11026.wav,pitch_down_2,10,Axe,True,Axe,Axe,True
10_11029,10_11029.wav,pitch_down_2,10,Axe,True,Axe,Axe,True
10_11030,10_11030.wav,pitch_down_2,10,Axe,True,WingFlaping,Axe,True
10_11030,10_11030.wav,pitch_up_2,10,Axe,True,WingFlaping,Axe,True
10_11034,10_11034.wav,pitch_up_2,10,Axe,True,Axe,Axe,True
10_11035,10_11035.wav,pitch_up_2,10,Axe,True,Axe,Axe,True
10_11038,10_11038.wav,pitch_down_2,10,Axe,True,Axe,Axe,True
10_11038,10_11038.wav,pitch_up_2,10,Axe,True,Axe,Axe,True
10_11040,10_11040.wav,pitch_down_2,10,Axe,True,Axe,Axe,True
10_11046,10_11046.wav,original,10,Axe,True,WoodChop,Axe,True
10_11048,10_11048.wav,original,10,Axe,True,Axe,Axe,True
10_11049,10_11049.wav,original,10,Axe,True,WoodChop,Axe,True
10_11049,10_11049.wav,pitch_up_2,10,Axe,True,Axe,Axe,True
10_11053,10_11053.wav,pitch_down_2,10,Axe,True,Footsteps,Axe,True
10_11053,10_11053.wav,pitch_up_2,10,Axe,True,Footsteps,Axe,True
10_11054,10_11054.wav,pitch_down_2,10,Axe,True,Axe,Axe,True
10_11057,10_11057.wav,original,10,Axe,True,WoodChop,Axe,True
10_11057,10_11057.wav,pitch_up_2,10,Axe,True,Axe,Axe,True
10_11059,10_11059.wav,original,10,Axe,True,Axe,Axe,True
10_11059,10_11059.wav,pitch_down_2,10,Axe,True,Axe,Axe,True
10_11064,10_11064.wav,original,10,Axe,True,Axe,Axe,True
10_11064,10_11064.wav,pitch_up_2,10,Axe,True,Axe,Axe,True
10_11065,10_11065.wav,original,10,Axe,True,Axe,Axe,True
10_11066,10_11066.wav,original,10,Axe,True,Axe,Axe,True
10_11068,10_11068.wav,original,10,Axe,True,WoodChop,Axe,True
10_11069,10_11069.wav,original,10,Axe,True,Axe,Axe,True
10_11070,10_11070.wav,pitch_up_2,10,Axe,True,Axe,Axe,True
11_11101,11_11101.wav,pitch_down_2,11,Chainsaw,True,Chainsaw,Chainsaw,True
11_11101,11_11101.wav,pitch_up_2,11,Chainsaw,True,Chainsaw,Chainsaw,True
11_11102,11_11102.wav,pitch_down_2,11,Chainsaw,True,Chainsaw,Chainsaw,True
11_11103,11_11103.wav,pitch_down_2,11,Chainsaw,True,Chainsaw,Chainsaw,True
11_11105,11_11105.wav,original,11,Chainsaw,True,Chainsaw,Chainsaw,True
11_11109,11_11109.wav,pitch_up_2,11,Chainsaw,True,Chainsaw,Chainsaw,True
11_11110,11_11110.wav,pitch_up_2,11,Chainsaw,True,Chainsaw,Chainsaw,True
11_11111,11_11111.wav,pitch_down_2,11,Chainsaw,True,Chainsaw,Chainsaw,True
11_11112,11_11112.wav,pitch_down_2,11,Chainsaw,True,Chainsaw,Chainsaw,True
11_11112,11_11112.wav,pitch_up_2,11,Chainsaw,True,Chainsaw,Chainsaw,True
11_11115,11_11115.wav,pitch_down_2,11,Chainsaw,True,Chainsaw,Chainsaw,True
11_11117,11_11117.wav,original,11,Chainsaw,True,Chainsaw,Chainsaw,True
11_11117,11_11117.wav,pitch_down_2,11,Chainsaw,True,Chainsaw,Chainsaw,True
11_11120,11_11120.wav,original,11,Chainsaw,True,Chainsaw,Chainsaw,True
11_11120,11_11120.wav,pitch_up_2,11,Chainsaw,True,Chainsaw,Chainsaw,True
11_11123,11_11123.wav,original,11,Chainsaw,True,Chainsaw,Chainsaw,True
11_11124,11_11124.wav,original,11,Chainsaw,True,Chainsaw,Chainsaw,True
11_11125,11_11125.wav,original,11,Chainsaw,True,Chainsaw,Chainsaw,True
11_11129,11_11129.wav,pitch_down_2,11,Chainsaw,True,Chainsaw,Chainsaw,True
11_11133,11_11133.wav,original,11,Chainsaw,True,Chainsaw,Chainsaw,True
11_11133,11_11133.wav,pitch_down_2,11,Chainsaw,True,Chainsaw,Chainsaw,True
11_11134,11_11134.wav,pitch_up_2,11,Chainsaw,True,Chainsaw,Chainsaw,True
11_11137,11_11137.wav,original,11,Chainsaw,True,Chainsaw,Chainsaw,True
11_11139,11_11139.wav,pitch_down_2,11,Chainsaw,True,Chainsaw,Chainsaw,True
11_11141,11_11141.wav,pitch_up_2,11,Chainsaw,True,Chainsaw,Chainsaw,True
11_11142,11_11142.wav,pitch_down_2,11,Chainsaw,True,Chainsaw,Chainsaw,True
11_11144,11_11144.wav,original,11,Chainsaw,True,Chainsaw,Chainsaw,True
11_11144,11_11144.wav,pitch_down_2,11,Chainsaw,True,Chainsaw,Chainsaw,True
11_11146,11_11146.wav,original,11,Chainsaw,True,Chainsaw,Chainsaw,True
11_11150,11_11150.wav,pitch_down_2,11,Chainsaw,True,Chainsaw,Chainsaw,True
11_11150,11_11150.wav,pitch_up_2,11,Chainsaw,True,Chainsaw,Chainsaw,True
11_11154,11_11154.wav,original,11,Chainsaw,True,Chainsaw,Chainsaw,True
11_11155,11_11155.wav,pitch_down_2,11,Chainsaw,True,Chainsaw,Chainsaw,True
11_11156,11_11156.wav,pitch_down_2,11,Chainsaw,True,Chainsaw,Chainsaw,True
11_11157,11_11157.wav,original,11,Chainsaw,True,Chainsaw,Chainsaw,True
11_11158,11_11158.wav,original,11,Chainsaw,True,Chainsaw,Chainsaw,True
11_11163,11_11163.wav,pitch_down_2,11,Chainsaw,True,Chainsaw,Chainsaw,True
11_11166,11_11166.wav,original,11,Chainsaw,True,Chainsaw,Chainsaw,True
11_11166,11_11166.wav,pitch_down_2,11,Chainsaw,True,Chainsaw,Chainsaw,True
11_11167,11_11167.wav,pitch_down_2,11,Chainsaw,True,Chainsaw,Chainsaw,True
11_11167,11_11167.wav,pitch_up_2,11,Chainsaw,True,Chainsaw,Chainsaw,True
11_11169,11_11169.wav,original,11,Chainsaw,True,Chainsaw,Chainsaw,True
11_11170,11_11170.wav,original,11,Chainsaw,True,Chainsaw,Chainsaw,True
11_11172,11_11172.wav,original,11,Chainsaw,True,Chainsaw,Chainsaw,True
11_11174,11_11174.wav,pitch_down_2,11,Chainsaw,True,Chainsaw,Chainsaw,True
12_11203,12_11203.wav,pitch_down_2,12,Generator,True,Generator,Generator,True
12_11204,12_11204.wav,original,12,Generator,True,Rain,Generator,True
12_11206,12_11206.wav,pitch_down_2,12,Generator,True,Generator,Generator,True
12_11207,12_11207.wav,pitch_up_2,12,Generator,True,Generator,Generator,True
12_11209,12_11209.wav,pitch_down_2,12,Generator,True,Generator,Generator,True
12_11210,12_11210.wav,original,12,Generator,True,Generator,Generator,True
12_11210,12_11210.wav,pitch_down_2,12,Generator,True,Generator,Generator,True
12_11212,12_11212.wav,original,12,Generator,True,Generator,Generator,True
12_11214,12_11214.wav,pitch_up_2,12,Generator,True,Generator,Generator,True
12_11216,12_11216.wav,pitch_up_2,12,Generator,True,Generator,Generator,True
12_11218,12_11218.wav,original,12,Generator,True,Generator,Generator,True
12_11220,12_11220.wav,original,12,Generator,True,Generator,Generator,True
12_11220,12_11220.wav,pitch_up_2,12,Generator,True,Generator,Generator,True
12_11227,12_11227.wav,original,12,Generator,True,Generator,Generator,True
12_11228,12_11228.wav,original,12,Generator,True,Squirrel,Generator,True
12_11229,12_11229.wav,pitch_up_2,12,Generator,True,Generator,Generator,True
12_11230,12_11230.wav,original,12,Generator,True,Generator,Generator,True
12_11233,12_11233.wav,original,12,Generator,True,Generator,Generator,True
12_11235,12_11235.wav,pitch_up_2,12,Generator,True,Generator,Generator,True
12_11238,12_11238.wav,original,12,Generator,True,Generator,Generator,True
12_11238,12_11238.wav,pitch_down_2,12,Generator,True,Generator,Generator,True
12_11239,12_11239.wav,pitch_up_2,12,Generator,True,Generator,Generator,True
12_11240,12_11240.wav,pitch_up_2,12,Generator,True,Generator,Generator,True
12_11243,12_11243.wav,pitch_up_2,12,Generator,True,Generator,Generator,True
12_11244,12_11244.wav,original,12,Generator,True,Speaking,Generator,True
12_11246,12_11246.wav,pitch_down_2,12,Generator,True,Generator,Generator,True
12_11247,12_11247.wav,original,12,Generator,True,Generator,Generator,True
12_11247,12_11247.wav,pitch_up_2,12,Generator,True,Generator,Generator,True
12_11249,12_11249.wav,original,12,Generator,True,WaterDrops,Generator,True
12_11250,12_11250.wav,pitch_down_2,12,Generator,True,Generator,Generator,True
12_11253,12_11253.wav,original,12,Generator,True,Generator,Generator,True
12_11256,12_11256.wav,original,12,Generator,True,Generator,Generator,True
12_11257,12_11257.wav,original,12,Generator,True,Generator,Generator,True
12_11258,12_11258.wav,pitch_down_2,12,Generator,True,Generator,Generator,True
12_11259,12_11259.wav,pitch_up_2,12,Generator,True,Generator,Generator,True
12_11260,12_11260.wav,pitch_up_2,12,Generator,True,Generator,Generator,True
12_11261,12_11261.wav,pitch_up_2,12,Generator,True,Generator,Generator,True
12_11263,12_11263.wav,pitch_down_2,12,Generator,True,VehicleEngine,Generator,True
12_11264,12_11264.wav,pitch_down_2,12,Generator,True,Wind,Generator,True
12_11264,12_11264.wav,pitch_up_2,12,Generator,True,Rain,Generator,True
12_11266,12_11266.wav,original,12,Generator,True,Generator,Generator,True
12_11270,12_11270.wav,pitch_down_2,12,Generator,True,Generator,Generator,True
12_11270,12_11270.wav,pitch_up_2,12,Generator,True,Generator,Generator,True
12_11273,12_11273.wav,original,12,Generator,True,Generator,Generator,True
12_11274,12_11274.wav,pitch_up_2,12,Generator,True,Generator,Generator,True
13_11301,13_11301.wav,pitch_up_2,13,Handsaw,True,Handsaw,Handsaw,True
13_11302,13_11302.wav,original,13,Handsaw,True,Handsaw,Handsaw,True
13_11305,13_11305.wav,pitch_down_2,13,Handsaw,True,Handsaw,Handsaw,True
13_11306,13_11306.wav,pitch_down_2,13,Handsaw,True,Handsaw,Handsaw,True
13_11307,13_11307.wav,original,13,Handsaw,True,Handsaw,Handsaw,True
13_11307,13_11307.wav,pitch_down_2,13,Handsaw,True,Handsaw,Handsaw,True
13_11308,13_11308.wav,pitch_up_2,13,Handsaw,True,Handsaw,Handsaw,True
13_11310,13_11310.wav,pitch_up_2,13,Handsaw,True,Handsaw,Handsaw,True
13_11313,13_11313.wav,pitch_down_2,13,Handsaw,True,Handsaw,Handsaw,True
13_11317,13_11317.wav,original,13,Handsaw,True,Handsaw,Handsaw,True
13_11319,13_11319.wav,original,13,Handsaw,True,Handsaw,Handsaw,True
13_11319,13_11319.wav,pitch_up_2,13,Handsaw,True,Handsaw,Handsaw,True
13_11320,13_11320.wav,original,13,Handsaw,True,Handsaw,Handsaw,True
13_11320,13_11320.wav,pitch_up_2,13,Handsaw,True,Handsaw,Handsaw,True
13_11321,13_11321.wav,pitch_up_2,13,Handsaw,True,Handsaw,Handsaw,True
13_11324,13_11324.wav,pitch_down_2,13,Handsaw,True,Handsaw,Handsaw,True
13_11326,13_11326.wav,original,13,Handsaw,True,Handsaw,Handsaw,True
13_11327,13_11327.wav,pitch_down_2,13,Handsaw,True,Handsaw,Handsaw,True
13_11328,13_11328.wav,original,13,Handsaw,True,Handsaw,Handsaw,True
13_11332,13_11332.wav,original,13,Handsaw,True,Handsaw,Handsaw,True
13_11334,13_11334.wav,original,13,Handsaw,True,Handsaw,Handsaw,True
13_11337,13_11337.wav,original,13,Handsaw,True,Handsaw,Handsaw,True
13_11337,13_11337.wav,pitch_down_2,13,Handsaw,True,Handsaw,Handsaw,True
13_11338,13_11338.wav,pitch_down_2,13,Handsaw,True,Handsaw,Handsaw,True
13_11339,13_11339.wav,pitch_up_2,13,Handsaw,True,Handsaw,Handsaw,True
13_11340,13_11340.wav,pitch_down_2,13,Handsaw,True,Handsaw,Handsaw,True
13_11340,13_11340.wav,pitch_up_2,13,Handsaw,True,Handsaw,Handsaw,True
13_11344,13_11344.wav,pitch_up_2,13,Handsaw,True,Handsaw,Handsaw,True
13_11349,13_11349.wav,pitch_up_2,13,Handsaw,True,Handsaw,Handsaw,True
13_11350,13_11350.wav,pitch_up_2,13,Handsaw,True,Handsaw,Handsaw,True
13_11351,13_11351.wav,pitch_down_2,13,Handsaw,True,Handsaw,Handsaw,True
13_11353,13_11353.wav,pitch_down_2,13,Handsaw,True,Handsaw,Handsaw,True
13_11353,13_11353.wav,pitch_up_2,13,Handsaw,True,Handsaw,Handsaw,True
13_11354,13_11354.wav,pitch_up_2,13,Handsaw,True,Handsaw,Handsaw,True
13_11358,13_11358.wav,pitch_down_2,13,Handsaw,True,Handsaw,Handsaw,True
13_11358,13_11358.wav,pitch_up_2,13,Handsaw,True,Handsaw,Handsaw,True
13_11359,13_11359.wav,pitch_down_2,13,Handsaw,True,Handsaw,Handsaw,True
13_11362,13_11362.wav,pitch_up_2,13,Handsaw,True,Handsaw,Handsaw,True
13_11363,13_11363.wav,pitch_down_2,13,Handsaw,True,Handsaw,Handsaw,True
13_11367,13_11367.wav,pitch_up_2,13,Handsaw,True,Handsaw,Handsaw,True
13_11368,13_11368.wav,original,13,Handsaw,True,Handsaw,Handsaw,True
13_11373,13_11373.wav,pitch_up_2,13,Handsaw,True,Handsaw,Handsaw,True
13_11374,13_11374.wav,pitch_down_2,13,Handsaw,True,Handsaw,Handsaw,True
13_11374,13_11374.wav,pitch_up_2,13,Handsaw,True,Handsaw,Handsaw,True
13_11375,13_11375.wav,pitch_up_2,13,Handsaw,True,Handsaw,Handsaw,True
14_11402,14_11402.wav,pitch_up_2,14,Firework,True,Firework,Firework,True
14_11403,14_11403.wav,pitch_down_2,14,Firework,True,Firework,Firework,True
14_11404,14_11404.wav,pitch_down_2,14,Firework,True,Firework,Firework,True
14_11404,14_11404.wav,pitch_up_2,14,Firework,True,Firework,Firework,True
14_11405,14_11405.wav,pitch_down_2,14,Firework,True,Firework,Firework,True
14_11408,14_11408.wav,pitch_down_2,14,Firework,True,Firework,Firework,True
14_11409,14_11409.wav,pitch_down_2,14,Firework,True,Firework,Firework,True
14_11410,14_11410.wav,original,14,Firework,True,Firework,Firework,True
14_11414,14_11414.wav,pitch_down_2,14,Firework,True,Firework,Firework,True
14_11414,14_11414.wav,pitch_up_2,14,Firework,True,Firework,Firework,True
14_11415,14_11415.wav,pitch_down_2,14,Firework,True,Firework,Firework,True
14_11416,14_11416.wav,pitch_down_2,14,Firework,True,Firework,Firework,True
14_11417,14_11417.wav,pitch_up_2,14,Firework,True,Firework,Firework,True
14_11419,14_11419.wav,original,14,Firework,True,Firework,Firework,True
14_11420,14_11420.wav,original,14,Firework,True,Firework,Firework,True
14_11422,14_11422.wav,pitch_up_2,14,Firework,True,Firework,Firework,True
14_11424,14_11424.wav,pitch_up_2,14,Firework,True,Firework,Firework,True
14_11425,14_11425.wav,pitch_down_2,14,Firework,True,Firework,Firework,True
14_11427,14_11427.wav,original,14,Firework,True,Firework,Firework,True
14_11429,14_11429.wav,original,14,Firework,True,Firework,Firework,True
14_11430,14_11430.wav,pitch_down_2,14,Firework,True,Firework,Firework,True
14_11431,14_11431.wav,pitch_down_2,14,Firework,True,Firework,Firework,True
14_11433,14_11433.wav,original,14,Firework,True,Firework,Firework,True
14_11438,14_11438.wav,pitch_down_2,14,Firework,True,Firework,Firework,True
14_11439,14_11439.wav,pitch_down_2,14,Firework,True,Firework,Firework,True
14_11440,14_11440.wav,pitch_up_2,14,Firework,True,Axe,Firework,True
14_11441,14_11441.wav,pitch_up_2,14,Firework,True,Firework,Firework,True
14_11442,14_11442.wav,pitch_down_2,14,Firework,True,Firework,Firework,True
14_11444,14_11444.wav,pitch_down_2,14,Firework,True,Firework,Firework,True
14_11446,14_11446.wav,pitch_down_2,14,Firework,True,Firework,Firework,True
14_11448,14_11448.wav,pitch_down_2,14,Firework,True,Firework,Firework,True
14_11449,14_11449.wav,pitch_up_2,14,Firework,True,Firework,Firework,True
14_11451,14_11451.wav,pitch_down_2,14,Firework,True,Firework,Firework,True
14_11451,14_11451.wav,pitch_up_2,14,Firework,True,Firework,Firework,True
14_11452,14_11452.wav,pitch_down_2,14,Firework,True,Firework,Firework,True
14_11455,14_11455.wav,pitch_down_2,14,Firework,True,Firework,Firework,True
14_11456,14_11456.wav,pitch_down_2,14,Firework,True,Firework,Firework,True
14_11456,14_11456.wav,pitch_up_2,14,Firework,True,Firework,Firework,True
14_11457,14_11457.wav,pitch_up_2,14,Firework,True,Firework,Firework,True
14_11460,14_11460.wav,original,14,Firework,True,Firework,Firework,True
14_11460,14_11460.wav,pitch_up_2,14,Firework,True,Firework,Firework,True
14_11464,14_11464.wav,pitch_down_2,14,Firework,True,Firework,Firework,True
14_11467,14_11467.wav,pitch_down_2,14,Firework,True,Firework,Firework,True
14_11471,14_11471.wav,pitch_up_2,14,Firework,True,Firework,Firework,True
14_11472,14_11472.wav,original,14,Firework,True,Firework,Firework,True
15_11501,15_11501.wav,pitch_down_2,15,Gunshot,True,Gunshot,Gunshot,True
15_11503,15_11503.wav,pitch_down_2,15,Gunshot,True,Gunshot,Gunshot,True
15_11503,15_11503.wav,pitch_up_2,15,Gunshot,True,Gunshot,Gunshot,True
15_11504,15_11504.wav,pitch_down_2,15,Gunshot,True,WingFlaping,Gunshot,True
15_11504,15_11504.wav,pitch_up_2,15,Gunshot,True,WingFlaping,Gunshot,True
15_11506,15_11506.wav,original,15,Gunshot,True,Gunshot,Gunshot,True
15_11507,15_11507.wav,pitch_down_2,15,Gunshot,True,Gunshot,Gunshot,True
15_11512,15_11512.wav,pitch_down_2,15,Gunshot,True,Gunshot,Gunshot,True
15_11514,15_11514.wav,pitch_down_2,15,Gunshot,True,Gunshot,Gunshot,True
15_11516,15_11516.wav,pitch_up_2,15,Gunshot,True,Gunshot,Gunshot,True
15_11517,15_11517.wav,pitch_down_2,15,Gunshot,True,Gunshot,Gunshot,True
15_11518,15_11518.wav,original,15,Gunshot,True,Gunshot,Gunshot,True
15_11518,15_11518.wav,pitch_down_2,15,Gunshot,True,Gunshot,Gunshot,True
15_11521,15_11521.wav,pitch_down_2,15,Gunshot,True,Gunshot,Gunshot,True
15_11522,15_11522.wav,original,15,Gunshot,True,Gunshot,Gunshot,True
15_11522,15_11522.wav,pitch_down_2,15,Gunshot,True,Gunshot,Gunshot,True
15_11523,15_11523.wav,pitch_down_2,15,Gunshot,True,Gunshot,Gunshot,True
15_11523,15_11523.wav,pitch_up_2,15,Gunshot,True,Gunshot,Gunshot,True
15_11526,15_11526.wav,pitch_up_2,15,Gunshot,True,Gunshot,Gunshot,True
15_11529,15_11529.wav,pitch_down_2,15,Gunshot,True,Gunshot,Gunshot,True
15_11530,15_11530.wav,pitch_down_2,15,Gunshot,True,Gunshot,Gunshot,True
15_11534,15_11534.wav,pitch_down_2,15,Gunshot,True,Gunshot,Gunshot,True
15_11535,15_11535.wav,pitch_up_2,15,Gunshot,True,Gunshot,Gunshot,True
15_11537,15_11537.wav,pitch_down_2,15,Gunshot,True,Gunshot,Gunshot,True
15_11538,15_11538.wav,pitch_down_2,15,Gunshot,True,Gunshot,Gunshot,True
15_11540,15_11540.wav,pitch_up_2,15,Gunshot,True,Gunshot,Gunshot,True
15_11542,15_11542.wav,pitch_down_2,15,Gunshot,True,Gunshot,Gunshot,True
15_11543,15_11543.wav,original,15,Gunshot,True,Gunshot,Gunshot,True
15_11546,15_11546.wav,pitch_down_2,15,Gunshot,True,Gunshot,Gunshot,True
15_11548,15_11548.wav,original,15,Gunshot,True,Gunshot,Gunshot,True
15_11550,15_11550.wav,pitch_down_2,15,Gunshot,True,Gunshot,Gunshot,True
15_11553,15_11553.wav,pitch_down_2,15,Gunshot,True,Gunshot,Gunshot,True
15_11554,15_11554.wav,pitch_down_2,15,Gunshot,True,Gunshot,Gunshot,True
15_11557,15_11557.wav,original,15,Gunshot,True,Gunshot,Gunshot,True
15_11558,15_11558.wav,original,15,Gunshot,True,Gunshot,Gunshot,True
15_11559,15_11559.wav,pitch_down_2,15,Gunshot,True,Gunshot,Gunshot,True
15_11561,15_11561.wav,pitch_up_2,15,Gunshot,True,Gunshot,Gunshot,True
15_11563,15_11563.wav,original,15,Gunshot,True,Gunshot,Gunshot,True
15_11565,15_11565.wav,pitch_up_2,15,Gunshot,True,Gunshot,Gunshot,True
15_11566,15_11566.wav,original,15,Gunshot,True,Gunshot,Gunshot,True
15_11568,15_11568.wav,pitch_down_2,15,Gunshot,True,Gunshot,Gunshot,True
15_11571,15_11571.wav,pitch_down_2,15,Gunshot,True,Gunshot,Gunshot,True
15_11574,15_11574.wav,pitch_up_2,15,Gunshot,True,Gunshot,Gunshot,True
15_11575,15_11575.wav,original,15,Gunshot,True,Gunshot,Gunshot,True
15_11575,15_11575.wav,pitch_down_2,15,Gunshot,True,Gunshot,Gunshot,True
16_11603,16_11603.wav,original,16,WoodChop,True,WoodChop,WoodChop,True
16_11607,16_11607.wav,original,16,WoodChop,True,Axe,WoodChop,True
16_11608,16_11608.wav,pitch_down_2,16,WoodChop,True,Axe,WoodChop,True
16_11612,16_11612.wav,original,16,WoodChop,True,WoodChop,WoodChop,True
16_11613,16_11613.wav,pitch_down_2,16,WoodChop,True,Axe,WoodChop,True
16_11614,16_11614.wav,pitch_down_2,16,WoodChop,True,WoodChop,WoodChop,True
16_11616,16_11616.wav,pitch_down_2,16,WoodChop,True,Firework,WoodChop,True
16_11616,16_11616.wav,pitch_up_2,16,WoodChop,True,Firework,WoodChop,True
16_11617,16_11617.wav,original,16,WoodChop,True,Axe,WoodChop,True
16_11619,16_11619.wav,pitch_down_2,16,WoodChop,True,WoodChop,WoodChop,True
16_11619,16_11619.wav,pitch_up_2,16,WoodChop,True,WoodChop,WoodChop,True
16_11621,16_11621.wav,pitch_up_2,16,WoodChop,True,WoodChop,WoodChop,True
16_11622,16_11622.wav,original,16,WoodChop,True,WoodChop,WoodChop,True
16_11622,16_11622.wav,pitch_down_2,16,WoodChop,True,WoodChop,WoodChop,True
16_11623,16_11623.wav,pitch_up_2,16,WoodChop,True,WoodChop,WoodChop,True
16_11625,16_11625.wav,pitch_up_2,16,WoodChop,True,WoodChop,WoodChop,True
16_11627,16_11627.wav,original,16,WoodChop,True,Axe,WoodChop,True
16_11634,16_11634.wav,original,16,WoodChop,True,WoodChop,WoodChop,True
16_11635,16_11635.wav,pitch_down_2,16,WoodChop,True,WoodChop,WoodChop,True
16_11638,16_11638.wav,pitch_down_2,16,WoodChop,True,Axe,WoodChop,True
16_11640,16_11640.wav,original,16,WoodChop,True,WoodChop,WoodChop,True
16_11642,16_11642.wav,original,16,WoodChop,True,Axe,WoodChop,True
16_11642,16_11642.wav,pitch_up_2,16,WoodChop,True,WoodChop,WoodChop,True
16_11646,16_11646.wav,original,16,WoodChop,True,WoodChop,WoodChop,True
16_11647,16_11647.wav,original,16,WoodChop,True,WoodChop,WoodChop,True
16_11649,16_11649.wav,pitch_down_2,16,WoodChop,True,WoodChop,WoodChop,True
16_11650,16_11650.wav,original,16,WoodChop,True,WoodChop,WoodChop,True
16_11651,16_11651.wav,pitch_down_2,16,WoodChop,True,WoodChop,WoodChop,True
16_11652,16_11652.wav,pitch_up_2,16,WoodChop,True,WoodChop,WoodChop,True
16_11653,16_11653.wav,original,16,WoodChop,True,Clapping,WoodChop,True
16_11654,16_11654.wav,original,16,WoodChop,False,Fire,Fire,False
16_11654,16_11654.wav,pitch_down_2,16,WoodChop,False,Fire,Fire,False
16_11654,16_11654.wav,pitch_up_2,16,WoodChop,False,WoodChop,WoodChop,True
16_11655,16_11655.wav,original,16,WoodChop,True,WoodChop,WoodChop,True
16_11655,16_11655.wav,pitch_up_2,16,WoodChop,True,WoodChop,WoodChop,True
16_11656,16_11656.wav,pitch_down_2,16,WoodChop,True,WoodChop,WoodChop,True
16_11657,16_11657.wav,pitch_up_2,16,WoodChop,True,WoodChop,WoodChop,True
16_11658,16_11658.wav,original,16,WoodChop,True,WoodChop,WoodChop,True
16_11659,16_11659.wav,pitch_down_2,16,WoodChop,True,WoodChop,WoodChop,True
16_11662,16_11662.wav,original,16,WoodChop,True,WoodChop,WoodChop,True
16_11663,16_11663.wav,pitch_down_2,16,WoodChop,True,WoodChop,WoodChop,True
16_11665,16_11665.wav,original,16,WoodChop,True,WoodChop,WoodChop,True
16_11666,16_11666.wav,original,16,WoodChop,True,Axe,WoodChop,True
16_11669,16_11669.wav,original,16,WoodChop,True,WoodChop,WoodChop,True
16_11675,16_11675.wav,pitch_up_2,16,WoodChop,True,WoodChop,WoodChop,True
17_11701,17_11701.wav,original,17,Whistling,True,Whistling,Whistling,True
17_11701,17_11701.wav,pitch_up_2,17,Whistling,True,Whistling,Whistling,True
17_11702,17_11702.wav,original,17,Whistling,True,Whistling,Whistling,True
17_11703,17_11703.wav,pitch_up_2,17,Whistling,True,Whistling,Whistling,True
17_11706,17_11706.wav,original,17,Whistling,True,Whistling,Whistling,True
17_11708,17_11708.wav,pitch_down_2,17,Whistling,True,Whistling,Whistling,True
17_11712,17_11712.wav,original,17,Whistling,True,Whistling,Whistling,True
17_11712,17_11712.wav,pitch_down_2,17,Whistling,True,Whistling,Whistling,True
17_11713,17_11713.wav,original,17,Whistling,True,Whistling,Whistling,True
17_11715,17_11715.wav,pitch_up_2,17,Whistling,True,Whistling,Whistling,True
17_11721,17_11721.wav,original,17,Whistling,True,Whistling,Whistling,True
17_11722,17_11722.wav,pitch_up_2,17,Whistling,True,Whistling,Whistling,True
17_11724,17_11724.wav,pitch_up_2,17,Whistling,True,Whistling,Whistling,True
17_11725,17_11725.wav,pitch_up_2,17,Whistling,True,Whistling,Whistling,True
17_11728,17_11728.wav,pitch_down_2,17,Whistling,True,Whistling,Whistling,True
17_11733,17_11733.wav,pitch_up_2,17,Whistling,True,Whistling,Whistling,True
17_11734,17_11734.wav,pitch_up_2,17,Whistling,True,Whistling,Whistling,True
17_11735,17_11735.wav,pitch_down_2,17,Whistling,True,Whistling,Whistling,True
17_11740,17_11740.wav,pitch_down_2,17,Whistling,True,Whistling,Whistling,True
17_11741,17_11741.wav,pitch_up_2,17,Whistling,True,Whistling,Whistling,True
17_11742,17_11742.wav,original,17,Whistling,True,Whistling,Whistling,True
17_11743,17_11743.wav,original,17,Whistling,True,Whistling,Whistling,True
17_11743,17_11743.wav,pitch_down_2,17,Whistling,True,Whistling,Whistling,True
17_11745,17_11745.wav,original,17,Whistling,True,Whistling,Whistling,True
17_11746,17_11746.wav,original,17,Whistling,True,Whistling,Whistling,True
17_11747,17_11747.wav,pitch_up_2,17,Whistling,True,Whistling,Whistling,True
17_11748,17_11748.wav,original,17,Whistling,False,Whistling,Whistling,True
17_11748,17_11748.wav,pitch_down_2,17,Whistling,False,Whistling,Whistling,True
17_11748,17_11748.wav,pitch_up_2,17,Whistling,False,Whistling,Whistling,True
17_11749,17_11749.wav,original,17,Whistling,True,Whistling,Whistling,True
17_11753,17_11753.wav,pitch_down_2,17,Whistling,True,Whistling,Whistling,True
17_11754,17_11754.wav,pitch_up_2,17,Whistling,True,Whistling,Whistling,True
17_11755,17_11755.wav,pitch_down_2,17,Whistling,True,Whistling,Whistling,True
17_11756,17_11756.wav,pitch_up_2,17,Whistling,True,Whistling,Whistling,True
17_11758,17_11758.wav,pitch_down_2,17,Whistling,True,Whistling,Whistling,True
17_11758,17_11758.wav,pitch_up_2,17,Whistling,True,Whistling,Whistling,True
17_11763,17_11763.wav,pitch_down_2,17,Whistling,True,Whistling,Whistling,True
17_11764,17_11764.wav,pitch_down_2,17,Whistling,True,Whistling,Whistling,True
17_11765,17_11765.wav,pitch_down_2,17,Whistling,True,Whistling,Whistling,True
17_11767,17_11767.wav,pitch_up_2,17,Whistling,True,Whistling,Whistling,True
17_11768,17_11768.wav,original,17,Whistling,True,Whistling,Whistling,True
17_11769,17_11769.wav,pitch_up_2,17,Whistling,True,Whistling,Whistling,True
17_11773,17_11773.wav,pitch_down_2,17,Whistling,True,Whistling,Whistling,True
17_11773,17_11773.wav,pitch_up_2,17,Whistling,True,Whistling,Whistling,True
17_11775,17_11775.wav,pitch_up_2,17,Whistling,True,Whistling,Whistling,True
18_11803,18_11803.wav,original,18,Speaking,True,Speaking,Speaking,True
18_11804,18_11804.wav,pitch_up_2,18,Speaking,True,Speaking,Speaking,True
18_11806,18_11806.wav,original,18,Speaking,True,Speaking,Speaking,True
18_11806,18_11806.wav,pitch_down_2,18,Speaking,True,Speaking,Speaking,True
18_11808,18_11808.wav,pitch_up_2,18,Speaking,True,Speaking,Speaking,True
18_11809,18_11809.wav,pitch_up_2,18,Speaking,True,Speaking,Speaking,True
18_11810,18_11810.wav,pitch_down_2,18,Speaking,True,Speaking,Speaking,True
18_11811,18_11811.wav,pitch_up_2,18,Speaking,True,Speaking,Speaking,True
18_11815,18_11815.wav,original,18,Speaking,True,Speaking,Speaking,True
18_11819,18_11819.wav,original,18,Speaking,True,Speaking,Speaking,True
18_11819,18_11819.wav,pitch_up_2,18,Speaking,True,Speaking,Speaking,True
18_11822,18_11822.wav,pitch_down_2,18,Speaking,True,Speaking,Speaking,True
18_11828,18_11828.wav,pitch_up_2,18,Speaking,True,Speaking,Speaking,True
18_11830,18_11830.wav,pitch_up_2,18,Speaking,True,Speaking,Speaking,True
18_11831,18_11831.wav,pitch_down_2,18,Speaking,True,Speaking,Speaking,True
18_11834,18_11834.wav,pitch_up_2,18,Speaking,True,Speaking,Speaking,True
18_11835,18_11835.wav,pitch_down_2,18,Speaking,True,Speaking,Speaking,True
18_11837,18_11837.wav,pitch_up_2,18,Speaking,True,Speaking,Speaking,True
18_11839,18_11839.wav,pitch_down_2,18,Speaking,True,Speaking,Speaking,True
18_11839,18_11839.wav,pitch_up_2,18,Speaking,True,Speaking,Speaking,True
18_11840,18_11840.wav,pitch_down_2,18,Speaking,True,Speaking,Speaking,True
18_11841,18_11841.wav,pitch_down_2,18,Speaking,True,Speaking,Speaking,True
18_11842,18_11842.wav,pitch_up_2,18,Speaking,True,Speaking,Speaking,True
18_11844,18_11844.wav,pitch_down_2,18,Speaking,True,Speaking,Speaking,True
18_11845,18_11845.wav,pitch_down_2,18,Speaking,True,Speaking,Speaking,True
18_11845,18_11845.wav,pitch_up_2,18,Speaking,True,Speaking,Speaking,True
18_11851,18_11851.wav,pitch_up_2,18,Speaking,True,Speaking,Speaking,True
18_11852,18_11852.wav,pitch_up_2,18,Speaking,True,Speaking,Speaking,True
18_11854,18_11854.wav,pitch_up_2,18,Speaking,True,Speaking,Speaking,True
18_11855,18_11855.wav,original,18,Speaking,True,Speaking,Speaking,True
18_11855,18_11855.wav,pitch_up_2,18,Speaking,True,Speaking,Speaking,True
18_11857,18_11857.wav,pitch_down_2,18,Speaking,True,Speaking,Speaking,True
18_11857,18_11857.wav,pitch_up_2,18,Speaking,True,Speaking,Speaking,True
18_11859,18_11859.wav,original,18,Speaking,True,Speaking,Speaking,True
18_11861,18_11861.wav,original,18,Speaking,True,Speaking,Speaking,True
18_11861,18_11861.wav,pitch_down_2,18,Speaking,True,Speaking,Speaking,True
18_11862,18_11862.wav,pitch_up_2,18,Speaking,True,Speaking,Speaking,True
18_11863,18_11863.wav,original,18,Speaking,True,Speaking,Speaking,True
18_11863,18_11863.wav,pitch_down_2,18,Speaking,True,Speaking,Speaking,True
18_11867,18_11867.wav,pitch_up_2,18,Speaking,True,Speaking,Speaking,True
18_11868,18_11868.wav,pitch_up_2,18,Speaking,True,Speaking,Speaking,True
18_11869,18_11869.wav,original,18,Speaking,True,Speaking,Speaking,True
18_11871,18_11871.wav,pitch_up_2,18,Speaking,True,Speaking,Speaking,True
18_11873,18_11873.wav,pitch_up_2,18,Speaking,True,Speaking,Speaking,True
18_11875,18_11875.wav,pitch_down_2,18,Speaking,True,Speaking,Speaking,True
19_11901,19_11901.wav,original,19,Footsteps,True,Footsteps,Footsteps,True
19_11904,19_11904.wav,original,19,Footsteps,True,Fire,Footsteps,True
19_11908,19_11908.wav,original,19,Footsteps,True,Footsteps,Footsteps,True
19_11909,19_11909.wav,pitch_down_2,19,Footsteps,True,Footsteps,Footsteps,True
19_11914,19_11914.wav,original,19,Footsteps,True,Footsteps,Footsteps,True
19_11914,19_11914.wav,pitch_down_2,19,Footsteps,True,Footsteps,Footsteps,True
19_11916,19_11916.wav,pitch_down_2,19,Footsteps,True,Footsteps,Footsteps,True
19_11919,19_11919.wav,pitch_down_2,19,Footsteps,True,Footsteps,Footsteps,True
19_11920,19_11920.wav,original,19,Footsteps,True,Footsteps,Footsteps,True
19_11920,19_11920.wav,pitch_down_2,19,Footsteps,True,Footsteps,Footsteps,True
19_11923,19_11923.wav,pitch_down_2,19,Footsteps,True,Footsteps,Footsteps,True
19_11924,19_11924.wav,pitch_down_2,19,Footsteps,True,Footsteps,Footsteps,True
19_11926,19_11926.wav,original,19,Footsteps,True,Footsteps,Footsteps,True
19_11928,19_11928.wav,original,19,Footsteps,True,Footsteps,Footsteps,True
19_11929,19_11929.wav,pitch_up_2,19,Footsteps,True,Footsteps,Footsteps,True
19_11931,19_11931.wav,original,19,Footsteps,True,Footsteps,Footsteps,True
19_11931,19_11931.wav,pitch_up_2,19,Footsteps,True,Footsteps,Footsteps,True
19_11933,19_11933.wav,pitch_down_2,19,Footsteps,True,Footsteps,Footsteps,True
19_11933,19_11933.wav,pitch_up_2,19,Footsteps,True,Footsteps,Footsteps,True
19_11935,19_11935.wav,pitch_up_2,19,Footsteps,True,Footsteps,Footsteps,True
19_11937,19_11937.wav,original,19,Footsteps,True,Footsteps,Footsteps,True
19_11938,19_11938.wav,pitch_up_2,19,Footsteps,True,Footsteps,Footsteps,True
19_11939,19_11939.wav,original,19,Footsteps,True,Footsteps,Footsteps,True
19_11939,19_11939.wav,pitch_down_2,19,Footsteps,True,Footsteps,Footsteps,True
19_11941,19_11941.wav,pitch_down_2,19,Footsteps,True,Footsteps,Footsteps,True
19_11945,19_11945.wav,original,19,Footsteps,True,Footsteps,Footsteps,True
19_11947,19_11947.wav,original,19,Footsteps,True,Footsteps,Footsteps,True
19_11949,19_11949.wav,original,19,Footsteps,True,Footsteps,Footsteps,True
19_11949,19_11949.wav,pitch_up_2,19,Footsteps,True,Footsteps,Footsteps,True
19_11950,19_11950.wav,original,19,Footsteps,True,Footsteps,Footsteps,True
19_11950,19_11950.wav,pitch_down_2,19,Footsteps,True,Footsteps,Footsteps,True
19_11952,19_11952.wav,original,19,Footsteps,True,Footsteps,Footsteps,True
19_11957,19_11957.wav,original,19,Footsteps,True,Axe,Footsteps,True
19_11960,19_11960.wav,pitch_down_2,19,Footsteps,True,Footsteps,Footsteps,True
19_11961,19_11961.wav,original,19,Footsteps,True,Footsteps,Footsteps,True
19_11965,19_11965.wav,original,19,Footsteps,True,Footsteps,Footsteps,True
19_11966,19_11966.wav,pitch_down_2,19,Footsteps,True,Footsteps,Footsteps,True
19_11968,19_11968.wav,pitch_down_2,19,Footsteps,True,Footsteps,Footsteps,True
19_11969,19_11969.wav,original,19,Footsteps,True,Footsteps,Footsteps,True
19_11970,19_11970.wav,original,19,Footsteps,True,Footsteps,Footsteps,True
19_11971,19_11971.wav,pitch_down_2,19,Footsteps,True,Footsteps,Footsteps,True
19_11972,19_11972.wav,original,19,Footsteps,True,Footsteps,Footsteps,True
19_11972,19_11972.wav,pitch_down_2,19,Footsteps,True,Footsteps,Footsteps,True
19_11973,19_11973.wav,pitch_up_2,19,Footsteps,True,Footsteps,Footsteps,True
19_11974,19_11974.wav,original,19,Footsteps,True,Footsteps,Footsteps,True
20_12002,20_12002.wav,pitch_down_2,20,Clapping,True,Clapping,Clapping,True
20_12005,20_12005.wav,pitch_down_2,20,Clapping,True,Clapping,Clapping,True
20_12007,20_12007.wav,original,20,Clapping,True,Clapping,Clapping,True
20_12008,20_12008.wav,pitch_up_2,20,Clapping,True,Clapping,Clapping,True
20_12009,20_12009.wav,pitch_up_2,20,Clapping,True,Clapping,Clapping,True
20_12010,20_12010.wav,pitch_down_2,20,Clapping,True,Clapping,Clapping,True
20_12011,20_12011.wav,pitch_up_2,20,Clapping,True,Clapping,Clapping,True
20_12016,20_12016.wav,pitch_down_2,20,Clapping,True,Clapping,Clapping,True
20_12017,20_12017.wav,pitch_down_2,20,Clapping,True,Clapping,Clapping,True
20_12018,20_12018.wav,pitch_down_2,20,Clapping,True,Clapping,Clapping,True
20_12018,20_12018.wav,pitch_up_2,20,Clapping,True,Clapping,Clapping,True
20_12019,20_12019.wav,pitch_up_2,20,Clapping,True,Clapping,Clapping,True
20_12020,20_12020.wav,pitch_down_2,20,Clapping,True,Clapping,Clapping,True
20_12021,20_12021.wav,pitch_down_2,20,Clapping,True,Clapping,Clapping,True
20_12021,20_12021.wav,pitch_up_2,20,Clapping,True,Clapping,Clapping,True
20_12023,20_12023.wav,pitch_up_2,20,Clapping,True,Clapping,Clapping,True
20_12025,20_12025.wav,pitch_up_2,20,Clapping,True,Clapping,Clapping,True
20_12026,20_12026.wav,pitch_up_2,20,Clapping,True,Clapping,Clapping,True
20_12027,20_12027.wav,original,20,Clapping,True,Clapping,Clapping,True
20_12028,20_12028.wav,original,20,Clapping,True,Axe,Clapping,True
20_12028,20_12028.wav,pitch_up_2,20,Clapping,True,Clapping,Clapping,True
20_12033,20_12033.wav,original,20,Clapping,True,Clapping,Clapping,True
20_12035,20_12035.wav,pitch_up_2,20,Clapping,True,Clapping,Clapping,True
20_12038,20_12038.wav,original,20,Clapping,True,Clapping,Clapping,True
20_12040,20_12040.wav,original,20,Clapping,True,Clapping,Clapping,True
20_12040,20_12040.wav,pitch_up_2,20,Clapping,True,Clapping,Clapping,True
20_12041,20_12041.wav,pitch_up_2,20,Clapping,True,Clapping,Clapping,True
20_12042,20_12042.wav,pitch_up_2,20,Clapping,True,Clapping,Clapping,True
20_12043,20_12043.wav,pitch_down_2,20,Clapping,True,Clapping,Clapping,True
20_12045,20_12045.wav,original,20,Clapping,False,Clapping,Clapping,True
20_12045,20_12045.wav,pitch_down_2,20,Clapping,False,Clapping,Clapping,True
20_12045,20_12045.wav,pitch_up_2,20,Clapping,False,Clapping,Clapping,True
20_12047,20_12047.wav,pitch_down_2,20,Clapping,True,Clapping,Clapping,True
20_12047,20_12047.wav,pitch_up_2,20,Clapping,True,Clapping,Clapping,True
20_12049,20_12049.wav,original,20,Clapping,True,Clapping,Clapping,True
20_12049,20_12049.wav,pitch_up_2,20,Clapping,True,Clapping,Clapping,True
20_12050,20_12050.wav,original,20,Clapping,True,Clapping,Clapping,True
20_12052,20_12052.wav,pitch_up_2,20,Clapping,True,Clapping,Clapping,True
20_12056,20_12056.wav,pitch_down_2,20,Clapping,True,Clapping,Clapping,True
20_12061,20_12061.wav,pitch_down_2,20,Clapping,True,Clapping,Clapping,True
20_12065,20_12065.wav,pitch_down_2,20,Clapping,True,Clapping,Clapping,True
20_12066,20_12066.wav,original,20,Clapping,True,Clapping,Clapping,True
20_12066,20_12066.wav,pitch_down_2,20,Clapping,True,Clapping,Clapping,True
20_12070,20_12070.wav,original,20,Clapping,True,Clapping,Clapping,True
20_12072,20_12072.wav,pitch_down_2,20,Clapping,True,Clapping,Clapping,True
21_12107,21_12107.wav,pitch_up_2,21,Insect,True,Insect,Insect,True
21_12108,21_12108.wav,pitch_down_2,21,Insect,True,Insect,Insect,True
21_12109,21_12109.wav,pitch_up_2,21,Insect,True,Insect,Insect,True
21_12111,21_12111.wav,pitch_down_2,21,Insect,True,Insect,Insect,True
21_12112,21_12112.wav,pitch_down_2,21,Insect,True,Insect,Insect,True
21_12112,21_12112.wav,pitch_up_2,21,Insect,True,Insect,Insect,True
21_12113,21_12113.wav,pitch_down_2,21,Insect,True,Insect,Insect,True
21_12116,21_12116.wav,original,21,Insect,True,Insect,Insect,True
21_12116,21_12116.wav,pitch_down_2,21,Insect,True,Insect,Insect,True
21_12118,21_12118.wav,original,21,Insect,True,Insect,Insect,True
21_12119,21_12119.wav,original,21,Insect,True,Insect,Insect,True
21_12119,21_12119.wav,pitch_down_2,21,Insect,True,Insect,Insect,True
21_12120,21_12120.wav,original,21,Insect,True,Insect,Insect,True
21_12121,21_12121.wav,original,21,Insect,True,Insect,Insect,True
21_12121,21_12121.wav,pitch_up_2,21,Insect,True,Insect,Insect,True
21_12123,21_12123.wav,pitch_up_2,21,Insect,True,Insect,Insect,True
21_12128,21_12128.wav,pitch_down_2,21,Insect,True,Insect,Insect,True
21_12128,21_12128.wav,pitch_up_2,21,Insect,True,Insect,Insect,True
21_12129,21_12129.wav,original,21,Insect,True,Insect,Insect,True
21_12130,21_12130.wav,original,21,Insect,True,Insect,Insect,True
21_12131,21_12131.wav,pitch_down_2,21,Insect,True,Insect,Insect,True
21_12132,21_12132.wav,pitch_up_2,21,Insect,True,Insect,Insect,True
21_12134,21_12134.wav,pitch_up_2,21,Insect,True,Insect,Insect,True
21_12136,21_12136.wav,original,21,Insect,True,Insect,Insect,True
21_12137,21_12137.wav,original,21,Insect,True,Insect,Insect,True
21_12137,21_12137.wav,pitch_down_2,21,Insect,True,Insect,Insect,True
21_12141,21_12141.wav,original,21,Insect,True,Insect,Insect,True
21_12141,21_12141.wav,pitch_down_2,21,Insect,True,Insect,Insect,True
21_12143,21_12143.wav,pitch_up_2,21,Insect,True,Insect,Insect,True
21_12145,21_12145.wav,original,21,Insect,True,Insect,Insect,True
21_12147,21_12147.wav,pitch_down_2,21,Insect,True,Insect,Insect,True
21_12151,21_12151.wav,pitch_up_2,21,Insect,True,Insect,Insect,True
21_12153,21_12153.wav,original,21,Insect,True,Insect,Insect,True
21_12159,21_12159.wav,pitch_up_2,21,Insect,True,Insect,Insect,True
21_12163,21_12163.wav,pitch_down_2,21,Insect,True,Insect,Insect,True
21_12164,21_12164.wav,pitch_down_2,21,Insect,True,Insect,Insect,True
21_12165,21_12165.wav,pitch_up_2,21,Insect,True,Insect,Insect,True
21_12166,21_12166.wav,original,21,Insect,True,Insect,Insect,True
21_12167,21_12167.wav,original,21,Insect,True,Insect,Insect,True
21_12168,21_12168.wav,original,21,Insect,True,Insect,Insect,True
21_12170,21_12170.wav,original,21,Insect,True,Insect,Insect,True
21_12172,21_12172.wav,pitch_down_2,21,Insect,True,Insect,Insect,True
21_12172,21_12172.wav,pitch_up_2,21,Insect,True,Insect,Insect,True
21_12173,21_12173.wav,pitch_up_2,21,Insect,True,Insect,Insect,True
21_12175,21_12175.wav,pitch_down_2,21,Insect,True,Insect,Insect,True
22_12201,22_12201.wav,pitch_down_2,22,Frog,True,Frog,Frog,True
22_12203,22_12203.wav,pitch_down_2,22,Frog,True,Frog,Frog,True
22_12204,22_12204.wav,pitch_down_2,22,Frog,True,Frog,Frog,True
22_12205,22_12205.wav,original,22,Frog,True,Frog,Frog,True
22_12206,22_12206.wav,original,22,Frog,True,Frog,Frog,True
22_12207,22_12207.wav,pitch_up_2,22,Frog,True,Frog,Frog,True
22_12208,22_12208.wav,pitch_down_2,22,Frog,True,Frog,Frog,True
22_12212,22_12212.wav,pitch_up_2,22,Frog,True,Frog,Frog,True
22_12213,22_12213.wav,pitch_down_2,22,Frog,True,Frog,Frog,True
22_12214,22_12214.wav,original,22,Frog,True,Speaking,Frog,True
22_12215,22_12215.wav,pitch_down_2,22,Frog,True,Frog,Frog,True
22_12218,22_12218.wav,pitch_up_2,22,Frog,True,Frog,Frog,True
22_12219,22_12219.wav,pitch_up_2,22,Frog,True,Frog,Frog,True
22_12220,22_12220.wav,pitch_down_2,22,Frog,True,Frog,Frog,True
22_12221,22_12221.wav,original,22,Frog,True,Frog,Frog,True
22_12221,22_12221.wav,pitch_down_2,22,Frog,True,Frog,Frog,True
22_12222,22_12222.wav,original,22,Frog,True,Frog,Frog,True
22_12226,22_12226.wav,original,22,Frog,True,Frog,Frog,True
22_12227,22_12227.wav,pitch_down_2,22,Frog,True,Frog,Frog,True
22_12227,22_12227.wav,pitch_up_2,22,Frog,True,Frog,Frog,True
22_12230,22_12230.wav,pitch_up_2,22,Frog,True,Frog,Frog,True
22_12232,22_12232.wav,original,22,Frog,True,Frog,Frog,True
22_12235,22_12235.wav,pitch_down_2,22,Frog,True,Frog,Frog,True
22_12238,22_12238.wav,pitch_down_2,22,Frog,True,Frog,Frog,True
22_12239,22_12239.wav,original,22,Frog,True,Frog,Frog,True
22_12243,22_12243.wav,pitch_down_2,22,Frog,True,Frog,Frog,True
22_12243,22_12243.wav,pitch_up_2,22,Frog,True,Frog,Frog,True
22_12244,22_12244.wav,original,22,Frog,True,Frog,Frog,True
22_12244,22_12244.wav,pitch_down_2,22,Frog,True,Frog,Frog,True
22_12246,22_12246.wav,pitch_up_2,22,Frog,True,Frog,Frog,True
22_12247,22_12247.wav,original,22,Frog,True,VehicleEngine,Frog,True
22_12247,22_12247.wav,pitch_down_2,22,Frog,True,Frog,Frog,True
22_12249,22_12249.wav,pitch_down_2,22,Frog,True,Frog,Frog,True
22_12256,22_12256.wav,original,22,Frog,True,Frog,Frog,True
22_12257,22_12257.wav,pitch_down_2,22,Frog,True,Frog,Frog,True
22_12260,22_12260.wav,original,22,Frog,True,Frog,Frog,True
22_12263,22_12263.wav,original,22,Frog,False,Speaking,Speaking,False
22_12263,22_12263.wav,pitch_down_2,22,Frog,False,Insect,Insect,False
22_12263,22_12263.wav,pitch_up_2,22,Frog,False,Insect,Insect,False
22_12272,22_12272.wav,original,22,Frog,False,Frog,Frog,True
22_12272,22_12272.wav,pitch_down_2,22,Frog,False,Frog,Frog,True
22_12272,22_12272.wav,pitch_up_2,22,Frog,False,Frog,Frog,True
22_12273,22_12273.wav,original,22,Frog,True,Frog,Frog,True
22_12274,22_12274.wav,original,22,Frog,True,Frog,Frog,True
22_12275,22_12275.wav,original,22,Frog,True,Insect,Frog,True
23_12303,23_12303.wav,original,23,BirdChirping,True,BirdChirping,BirdChirping,True
23_12303,23_12303.wav,pitch_down_2,23,BirdChirping,True,BirdChirping,BirdChirping,True
23_12304,23_12304.wav,pitch_down_2,23,BirdChirping,True,BirdChirping,BirdChirping,True
23_12304,23_12304.wav,pitch_up_2,23,BirdChirping,True,BirdChirping,BirdChirping,True
23_12306,23_12306.wav,pitch_down_2,23,BirdChirping,True,BirdChirping,BirdChirping,True
23_12307,23_12307.wav,pitch_down_2,23,BirdChirping,True,BirdChirping,BirdChirping,True
23_12313,23_12313.wav,original,23,BirdChirping,True,BirdChirping,BirdChirping,True
23_12314,23_12314.wav,pitch_up_2,23,BirdChirping,True,BirdChirping,BirdChirping,True
23_12315,23_12315.wav,pitch_up_2,23,BirdChirping,True,BirdChirping,BirdChirping,True
23_12318,23_12318.wav,pitch_down_2,23,BirdChirping,True,BirdChirping,BirdChirping,True
23_12319,23_12319.wav,pitch_up_2,23,BirdChirping,True,BirdChirping,BirdChirping,True
23_12321,23_12321.wav,pitch_down_2,23,BirdChirping,True,BirdChirping,BirdChirping,True
23_12322,23_12322.wav,original,23,BirdChirping,True,BirdChirping,BirdChirping,True
23_12324,23_12324.wav,pitch_down_2,23,BirdChirping,True,BirdChirping,BirdChirping,True
23_12325,23_12325.wav,original,23,BirdChirping,True,BirdChirping,BirdChirping,True
23_12328,23_12328.wav,pitch_up_2,23,BirdChirping,True,BirdChirping,BirdChirping,True
23_12330,23_12330.wav,original,23,BirdChirping,True,BirdChirping,BirdChirping,True
23_12332,23_12332.wav,original,23,BirdChirping,True,BirdChirping,BirdChirping,True
23_12332,23_12332.wav,pitch_down_2,23,BirdChirping,True,BirdChirping,BirdChirping,True
23_12333,23_12333.wav,pitch_down_2,23,BirdChirping,True,BirdChirping,BirdChirping,True
23_12337,23_12337.wav,pitch_down_2,23,BirdChirping,True,BirdChirping,BirdChirping,True
23_12339,23_12339.wav,pitch_down_2,23,BirdChirping,True,BirdChirping,BirdChirping,True
23_12339,23_12339.wav,pitch_up_2,23,BirdChirping,True,BirdChirping,BirdChirping,True
23_12340,23_12340.wav,pitch_down_2,23,BirdChirping,True,BirdChirping,BirdChirping,True
23_12342,23_12342.wav,original,23,BirdChirping,True,BirdChirping,BirdChirping,True
23_12343,23_12343.wav,pitch_down_2,23,BirdChirping,True,BirdChirping,BirdChirping,True
23_12348,23_12348.wav,pitch_up_2,23,BirdChirping,True,BirdChirping,BirdChirping,True
23_12349,23_12349.wav,pitch_up_2,23,BirdChirping,True,BirdChirping,BirdChirping,True
23_12352,23_12352.wav,pitch_down_2,23,BirdChirping,True,BirdChirping,BirdChirping,True
23_12353,23_12353.wav,original,23,BirdChirping,True,BirdChirping,BirdChirping,True
23_12353,23_12353.wav,pitch_down_2,23,BirdChirping,True,BirdChirping,BirdChirping,True
23_12355,23_12355.wav,original,23,BirdChirping,True,BirdChirping,BirdChirping,True
23_12358,23_12358.wav,pitch_up_2,23,BirdChirping,True,BirdChirping,BirdChirping,True
23_12359,23_12359.wav,pitch_down_2,23,BirdChirping,True,BirdChirping,BirdChirping,True
23_12359,23_12359.wav,pitch_up_2,23,BirdChirping,True,BirdChirping,BirdChirping,True
23_12360,23_12360.wav,original,23,BirdChirping,True,BirdChirping,BirdChirping,True
23_12360,23_12360.wav,pitch_down_2,23,BirdChirping,True,BirdChirping,BirdChirping,True
23_12361,23_12361.wav,original,23,BirdChirping,True,BirdChirping,BirdChirping,True
23_12361,23_12361.wav,pitch_up_2,23,BirdChirping,True,BirdChirping,BirdChirping,True
23_12362,23_12362.wav,original,23,BirdChirping,True,BirdChirping,BirdChirping,True
23_12363,23_12363.wav,original,23,BirdChirping,True,BirdChirping,BirdChirping,True
23_12368,23_12368.wav,original,23,BirdChirping,True,BirdChirping,BirdChirping,True
23_12370,23_12370.wav,original,23,BirdChirping,True,BirdChirping,BirdChirping,True
23_12370,23_12370.wav,pitch_down_2,23,BirdChirping,True,BirdChirping,BirdChirping,True
23_12373,23_12373.wav,pitch_down_2,23,BirdChirping,True,BirdChirping,BirdChirping,True
24_12401,24_12401.wav,pitch_down_2,24,WingFlaping,True,WingFlaping,WingFlaping,True
24_12403,24_12403.wav,pitch_down_2,24,WingFlaping,True,WingFlaping,WingFlaping,True
24_12405,24_12405.wav,original,24,WingFlaping,True,WingFlaping,WingFlaping,True
24_12406,24_12406.wav,original,24,WingFlaping,True,WingFlaping,WingFlaping,True
24_12408,24_12408.wav,pitch_down_2,24,WingFlaping,True,WingFlaping,WingFlaping,True
24_12410,24_12410.wav,pitch_up_2,24,WingFlaping,True,WingFlaping,WingFlaping,True
24_12418,24_12418.wav,original,24,WingFlaping,True,WingFlaping,WingFlaping,True
24_12418,24_12418.wav,pitch_down_2,24,WingFlaping,True,WingFlaping,WingFlaping,True
24_12419,24_12419.wav,original,24,WingFlaping,True,WingFlaping,WingFlaping,True
24_12419,24_12419.wav,pitch_up_2,24,WingFlaping,True,WingFlaping,WingFlaping,True
24_12420,24_12420.wav,pitch_down_2,24,WingFlaping,True,WingFlaping,WingFlaping,True
24_12424,24_12424.wav,pitch_up_2,24,WingFlaping,True,WingFlaping,WingFlaping,True
24_12427,24_12427.wav,pitch_up_2,24,WingFlaping,True,WingFlaping,WingFlaping,True
24_12428,24_12428.wav,original,24,WingFlaping,True,WingFlaping,WingFlaping,True
24_12432,24_12432.wav,original,24,WingFlaping,True,WingFlaping,WingFlaping,True
24_12432,24_12432.wav,pitch_up_2,24,WingFlaping,True,WingFlaping,WingFlaping,True
24_12435,24_12435.wav,original,24,WingFlaping,True,Footsteps,WingFlaping,True
24_12436,24_12436.wav,pitch_up_2,24,WingFlaping,True,WingFlaping,WingFlaping,True
24_12437,24_12437.wav,original,24,WingFlaping,True,WingFlaping,WingFlaping,True
24_12437,24_12437.wav,pitch_up_2,24,WingFlaping,True,WingFlaping,WingFlaping,True
24_12438,24_12438.wav,original,24,WingFlaping,True,WingFlaping,WingFlaping,True
24_12439,24_12439.wav,pitch_down_2,24,WingFlaping,True,WingFlaping,WingFlaping,True
24_12440,24_12440.wav,pitch_down_2,24,WingFlaping,True,WingFlaping,WingFlaping,True
24_12443,24_12443.wav,pitch_down_2,24,WingFlaping,True,WingFlaping,WingFlaping,True
24_12446,24_12446.wav,pitch_down_2,24,WingFlaping,True,WingFlaping,WingFlaping,True
24_12448,24_12448.wav,pitch_down_2,24,WingFlaping,True,WingFlaping,WingFlaping,True
24_12449,24_12449.wav,original,24,WingFlaping,True,WingFlaping,WingFlaping,True
24_12450,24_12450.wav,pitch_down_2,24,WingFlaping,True,WingFlaping,WingFlaping,True
24_12452,24_12452.wav,pitch_up_2,24,WingFlaping,True,WingFlaping,WingFlaping,True
24_12453,24_12453.wav,pitch_down_2,24,WingFlaping,True,WingFlaping,WingFlaping,True
24_12454,24_12454.wav,pitch_down_2,24,WingFlaping,True,WingFlaping,WingFlaping,True
24_12456,24_12456.wav,pitch_down_2,24,WingFlaping,True,WingFlaping,WingFlaping,True
24_12456,24_12456.wav,pitch_up_2,24,WingFlaping,True,WingFlaping,WingFlaping,True
24_12457,24_12457.wav,pitch_up_2,24,WingFlaping,True,WingFlaping,WingFlaping,True
24_12458,24_12458.wav,pitch_up_2,24,WingFlaping,True,WingFlaping,WingFlaping,True
24_12460,24_12460.wav,pitch_up_2,24,WingFlaping,True,WingFlaping,WingFlaping,True
24_12461,24_12461.wav,pitch_down_2,24,WingFlaping,True,WingFlaping,WingFlaping,True
24_12463,24_12463.wav,original,24,WingFlaping,True,WingFlaping,WingFlaping,True
24_12463,24_12463.wav,pitch_up_2,24,WingFlaping,True,WingFlaping,WingFlaping,True
24_12464,24_12464.wav,pitch_up_2,24,WingFlaping,True,WingFlaping,WingFlaping,True
24_12468,24_12468.wav,pitch_up_2,24,WingFlaping,True,WingFlaping,WingFlaping,True
24_12469,24_12469.wav,pitch_down_2,24,WingFlaping,True,WingFlaping,WingFlaping,True
24_12472,24_12472.wav,pitch_up_2,24,WingFlaping,True,WingFlaping,WingFlaping,True
24_12473,24_12473.wav,pitch_down_2,24,WingFlaping,True,WingFlaping,WingFlaping,True
24_12473,24_12473.wav,pitch_up_2,24,WingFlaping,True,WingFlaping,WingFlaping,True
25_12502,25_12502.wav,pitch_up_2,25,Lion,True,Lion,Lion,True
25_12503,25_12503.wav,pitch_down_2,25,Lion,True,Lion,Lion,True
25_12505,25_12505.wav,pitch_down_2,25,Lion,True,Lion,Lion,True
25_12506,25_12506.wav,pitch_down_2,25,Lion,True,Lion,Lion,True
25_12508,25_12508.wav,original,25,Lion,True,Lion,Lion,True
25_12511,25_12511.wav,original,25,Lion,True,Lion,Lion,True
25_12514,25_12514.wav,original,25,Lion,True,Lion,Lion,True
25_12518,25_12518.wav,original,25,Lion,True,Lion,Lion,True
25_12518,25_12518.wav,pitch_up_2,25,Lion,True,Lion,Lion,True
25_12522,25_12522.wav,pitch_down_2,25,Lion,True,Lion,Lion,True
25_12524,25_12524.wav,pitch_up_2,25,Lion,True,Lion,Lion,True
25_12526,25_12526.wav,original,25,Lion,True,Lion,Lion,True
25_12526,25_12526.wav,pitch_up_2,25,Lion,True,Lion,Lion,True
25_12527,25_12527.wav,original,25,Lion,True,Lion,Lion,True
25_12527,25_12527.wav,pitch_up_2,25,Lion,True,Lion,Lion,True
25_12530,25_12530.wav,pitch_down_2,25,Lion,True,Lion,Lion,True
25_12530,25_12530.wav,pitch_up_2,25,Lion,True,Lion,Lion,True
25_12533,25_12533.wav,pitch_up_2,25,Lion,True,Lion,Lion,True
25_12534,25_12534.wav,pitch_down_2,25,Lion,True,Lion,Lion,True
25_12535,25_12535.wav,original,25,Lion,True,Lion,Lion,True
25_12537,25_12537.wav,pitch_down_2,25,Lion,True,Lion,Lion,True
25_12537,25_12537.wav,pitch_up_2,25,Lion,True,Lion,Lion,True
25_12543,25_12543.wav,pitch_up_2,25,Lion,True,Lion,Lion,True
25_12547,25_12547.wav,pitch_up_2,25,Lion,True,Lion,Lion,True
25_12548,25_12548.wav,pitch_down_2,25,Lion,True,Lion,Lion,True
25_12549,25_12549.wav,original,25,Lion,True,Lion,Lion,True
25_12550,25_12550.wav,pitch_down_2,25,Lion,True,Lion,Lion,True
25_12554,25_12554.wav,pitch_up_2,25,Lion,True,Lion,Lion,True
25_12555,25_12555.wav,original,25,Lion,True,Lion,Lion,True
25_12556,25_12556.wav,original,25,Lion,True,Lion,Lion,True
25_12557,25_12557.wav,pitch_down_2,25,Lion,True,Lion,Lion,True
25_12558,25_12558.wav,pitch_down_2,25,Lion,True,Lion,Lion,True
25_12559,25_12559.wav,original,25,Lion,True,Lion,Lion,True
25_12561,25_12561.wav,pitch_down_2,25,Lion,True,Lion,Lion,True
25_12561,25_12561.wav,pitch_up_2,25,Lion,True,Lion,Lion,True
25_12562,25_12562.wav,original,25,Lion,True,Lion,Lion,True
25_12562,25_12562.wav,pitch_up_2,25,Lion,True,Lion,Lion,True
25_12564,25_12564.wav,original,25,Lion,True,Lion,Lion,True
25_12564,25_12564.wav,pitch_down_2,25,Lion,True,Lion,Lion,True
25_12566,25_12566.wav,original,25,Lion,True,Lion,Lion,True
25_12567,25_12567.wav,pitch_up_2,25,Lion,True,Lion,Lion,True
25_12571,25_12571.wav,pitch_up_2,25,Lion,True,Lion,Lion,True
25_12572,25_12572.wav,pitch_down_2,25,Lion,True,Lion,Lion,True
25_12574,25_12574.wav,pitch_up_2,25,Lion,True,Lion,Lion,True
25_12575,25_12575.wav,original,25,Lion,True,Lion,Lion,True
26_12603,26_12603.wav,original,26,WolfHowl,True,WolfHowl,WolfHowl,True
26_12603,26_12603.wav,pitch_down_2,26,WolfHowl,True,WolfHowl,WolfHowl,True
26_12604,26_12604.wav,pitch_up_2,26,WolfHowl,True,WolfHowl,WolfHowl,True
26_12605,26_12605.wav,pitch_down_2,26,WolfHowl,True,WolfHowl,WolfHowl,True
26_12606,26_12606.wav,pitch_down_2,26,WolfHowl,True,WolfHowl,WolfHowl,True
26_12609,26_12609.wav,pitch_up_2,26,WolfHowl,True,WolfHowl,WolfHowl,True
26_12610,26_12610.wav,original,26,WolfHowl,True,WolfHowl,WolfHowl,True
26_12610,26_12610.wav,pitch_down_2,26,WolfHowl,True,WolfHowl,WolfHowl,True
26_12612,26_12612.wav,pitch_up_2,26,WolfHowl,True,WolfHowl,WolfHowl,True
26_12613,26_12613.wav,original,26,WolfHowl,True,WolfHowl,WolfHowl,True
26_12615,26_12615.wav,original,26,WolfHowl,True,WolfHowl,WolfHowl,True
26_12620,26_12620.wav,pitch_down_2,26,WolfHowl,True,WolfHowl,WolfHowl,True
26_12621,26_12621.wav,pitch_up_2,26,WolfHowl,True,WolfHowl,WolfHowl,True
26_12623,26_12623.wav,pitch_up_2,26,WolfHowl,True,WolfHowl,WolfHowl,True
26_12624,26_12624.wav,pitch_down_2,26,WolfHowl,True,WolfHowl,WolfHowl,True
26_12624,26_12624.wav,pitch_up_2,26,WolfHowl,True,WolfHowl,WolfHowl,True
26_12626,26_12626.wav,original,26,WolfHowl,True,WolfHowl,WolfHowl,True
26_12627,26_12627.wav,original,26,WolfHowl,True,WolfHowl,WolfHowl,True
26_12630,26_12630.wav,pitch_up_2,26,WolfHowl,True,WolfHowl,WolfHowl,True
26_12631,26_12631.wav,pitch_up_2,26,WolfHowl,True,WolfHowl,WolfHowl,True
26_12634,26_12634.wav,pitch_down_2,26,WolfHowl,True,WolfHowl,WolfHowl,True
26_12637,26_12637.wav,pitch_up_2,26,WolfHowl,True,WolfHowl,WolfHowl,True
26_12640,26_12640.wav,original,26,WolfHowl,False,WolfHowl,WolfHowl,True
26_12640,26_12640.wav,pitch_down_2,26,WolfHowl,False,WolfHowl,WolfHowl,True
26_12640,26_12640.wav,pitch_up_2,26,WolfHowl,False,WolfHowl,WolfHowl,True
26_12642,26_12642.wav,original,26,WolfHowl,True,WolfHowl,WolfHowl,True
26_12642,26_12642.wav,pitch_down_2,26,WolfHowl,True,WolfHowl,WolfHowl,True
26_12644,26_12644.wav,original,26,WolfHowl,True,WolfHowl,WolfHowl,True
26_12647,26_12647.wav,pitch_up_2,26,WolfHowl,True,WolfHowl,WolfHowl,True
26_12648,26_12648.wav,pitch_down_2,26,WolfHowl,True,WolfHowl,WolfHowl,True
26_12648,26_12648.wav,pitch_up_2,26,WolfHowl,True,WolfHowl,WolfHowl,True
26_12651,26_12651.wav,original,26,WolfHowl,True,WolfHowl,WolfHowl,True
26_12652,26_12652.wav,pitch_down_2,26,WolfHowl,True,WolfHowl,WolfHowl,True
26_12653,26_12653.wav,pitch_down_2,26,WolfHowl,True,WolfHowl,WolfHowl,True
26_12658,26_12658.wav,pitch_up_2,26,WolfHowl,True,WolfHowl,WolfHowl,True
26_12659,26_12659.wav,original,26,WolfHowl,True,WolfHowl,WolfHowl,True
26_12660,26_12660.wav,pitch_up_2,26,WolfHowl,True,WolfHowl,WolfHowl,True
26_12663,26_12663.wav,pitch_up_2,26,WolfHowl,True,WolfHowl,WolfHowl,True
26_12664,26_12664.wav,pitch_down_2,26,WolfHowl,True,WolfHowl,WolfHowl,True
26_12666,26_12666.wav,pitch_down_2,26,WolfHowl,True,WolfHowl,WolfHowl,True
26_12669,26_12669.wav,original,26,WolfHowl,True,WolfHowl,WolfHowl,True
26_12671,26_12671.wav,pitch_down_2,26,WolfHowl,True,WolfHowl,WolfHowl,True
26_12671,26_12671.wav,pitch_up_2,26,WolfHowl,True,WolfHowl,WolfHowl,True
26_12672,26_12672.wav,original,26,WolfHowl,True,WolfHowl,WolfHowl,True
26_12673,26_12673.wav,pitch_down_2,26,WolfHowl,True,WolfHowl,WolfHowl,True
27_12702,27_12702.wav,pitch_down_2,27,Squirrel,True,Squirrel,Squirrel,True
27_12705,27_12705.wav,pitch_up_2,27,Squirrel,True,Squirrel,Squirrel,True
27_12706,27_12706.wav,pitch_up_2,27,Squirrel,True,Squirrel,Squirrel,True
27_12708,27_12708.wav,original,27,Squirrel,True,Squirrel,Squirrel,True
27_12711,27_12711.wav,pitch_down_2,27,Squirrel,True,Squirrel,Squirrel,True
27_12712,27_12712.wav,pitch_up_2,27,Squirrel,True,Squirrel,Squirrel,True
27_12713,27_12713.wav,pitch_down_2,27,Squirrel,True,Squirrel,Squirrel,True
27_12715,27_12715.wav,pitch_down_2,27,Squirrel,True,Squirrel,Squirrel,True
27_12716,27_12716.wav,original,27,Squirrel,True,Squirrel,Squirrel,True
27_12718,27_12718.wav,pitch_up_2,27,Squirrel,True,Squirrel,Squirrel,True
27_12721,27_12721.wav,original,27,Squirrel,True,Squirrel,Squirrel,True
27_12727,27_12727.wav,pitch_down_2,27,Squirrel,True,WingFlaping,Squirrel,True
27_12727,27_12727.wav,pitch_up_2,27,Squirrel,True,Silence,Squirrel,True
27_12729,27_12729.wav,pitch_up_2,27,Squirrel,True,Squirrel,Squirrel,True
27_12732,27_12732.wav,pitch_up_2,27,Squirrel,True,Squirrel,Squirrel,True
27_12733,27_12733.wav,pitch_down_2,27,Squirrel,True,Squirrel,Squirrel,True
27_12734,27_12734.wav,original,27,Squirrel,True,Squirrel,Squirrel,True
27_12735,27_12735.wav,pitch_down_2,27,Squirrel,True,Squirrel,Squirrel,True
27_12737,27_12737.wav,original,27,Squirrel,True,Squirrel,Squirrel,True
27_12741,27_12741.wav,pitch_up_2,27,Squirrel,True,Squirrel,Squirrel,True
27_12743,27_12743.wav,original,27,Squirrel,True,Squirrel,Squirrel,True
27_12747,27_12747.wav,pitch_down_2,27,Squirrel,True,Squirrel,Squirrel,True
27_12748,27_12748.wav,original,27,Squirrel,True,Squirrel,Squirrel,True
27_12748,27_12748.wav,pitch_up_2,27,Squirrel,True,Squirrel,Squirrel,True
27_12749,27_12749.wav,original,27,Squirrel,True,Squirrel,Squirrel,True
27_12750,27_12750.wav,original,27,Squirrel,True,Squirrel,Squirrel,True
27_12750,27_12750.wav,pitch_down_2,27,Squirrel,True,Squirrel,Squirrel,True
27_12751,27_12751.wav,original,27,Squirrel,True,Squirrel,Squirrel,True
27_12754,27_12754.wav,pitch_down_2,27,Squirrel,True,Squirrel,Squirrel,True
27_12755,27_12755.wav,pitch_down_2,27,Squirrel,True,Squirrel,Squirrel,True
27_12757,27_12757.wav,original,27,Squirrel,True,Squirrel,Squirrel,True
27_12758,27_12758.wav,pitch_down_2,27,Squirrel,True,Squirrel,Squirrel,True
27_12762,27_12762.wav,original,27,Squirrel,True,Squirrel,Squirrel,True
27_12763,27_12763.wav,original,27,Squirrel,False,Insect,Insect,False
27_12763,27_12763.wav,pitch_down_2,27,Squirrel,False,Insect,Insect,False
27_12763,27_12763.wav,pitch_up_2,27,Squirrel,False,Insect,Insect,False
27_12765,27_12765.wav,pitch_up_2,27,Squirrel,True,Squirrel,Squirrel,True
27_12766,27_12766.wav,original,27,Squirrel,False,Squirrel,Squirrel,True
27_12766,27_12766.wav,pitch_down_2,27,Squirrel,False,Squirrel,Squirrel,True
27_12766,27_12766.wav,pitch_up_2,27,Squirrel,False,Squirrel,Squirrel,True
27_12768,27_12768.wav,pitch_down_2,27,Squirrel,True,Squirrel,Squirrel,True
27_12769,27_12769.wav,original,27,Squirrel,True,Squirrel,Squirrel,True
27_12769,27_12769.wav,pitch_down_2,27,Squirrel,True,Squirrel,Squirrel,True
27_12774,27_12774.wav,pitch_up_2,27,Squirrel,True,Squirrel,Squirrel,True
27_12775,27_12775.wav,original,27,Squirrel,True,Squirrel,Squirrel,True
